,S_0,a,b,alpha,beta,final_skills,n_prac,prop_quit
0,0.02,0.6,5.0,0.4,0.3,8.130532444987517e-06,66,0.89
1,0.02,0.6,5.0,0.4,0.3,8.175218441324647e-06,66,0.89
2,0.02,0.6,5.0,0.4,0.3,3.8828074057909234e-05,71,0.89
3,0.02,0.6,5.0,0.4,0.3,4.081270923832409e-06,64,0.89
4,0.02,0.6,5.0,0.4,0.3,5.875864661510287e-05,72,0.89
5,0.02,0.6,5.0,0.4,0.3,5.332244656542196e-07,58,0.89
6,0.02,0.6,5.0,0.4,0.3,3.7193950742589225e-08,50,0.89
7,0.02,0.6,5.0,0.4,0.3,4.3199402133958515e-05,72,0.89
8,0.02,0.6,5.0,0.4,0.3,4.947008607997221e-07,58,0.89
9,0.02,0.6,5.0,0.4,0.3,3.959204373453269e-07,57,0.89
10,0.02,0.6,5.0,0.4,0.3,0.00011588646415770994,74,0.89
11,0.02,0.6,5.0,0.4,0.3,3.9987748524157e-06,64,0.89
12,0.02,0.6,5.0,0.4,0.3,9.999758155475186e-08,53,0.89
13,0.02,0.6,5.0,0.4,0.3,1.527311813315915e-05,68,0.89
14,0.02,0.6,5.0,0.4,0.3,3.7657044443108596e-08,50,0.89
15,0.02,0.6,5.0,0.4,0.3,4.054478602844922e-06,64,0.89
16,0.02,0.6,5.0,0.4,0.3,1.4015313190611876e-07,54,0.89
17,0.02,0.6,5.0,0.4,0.3,1.4803092542215355e-05,68,0.89
18,0.02,0.6,5.0,0.4,0.3,0.8477411364784441,332,0.89
19,0.02,0.6,5.0,0.4,0.3,9.820032425231248e-06,67,0.89
20,0.02,0.6,5.0,0.4,0.3,1.0463270931944137e-06,60,0.89
21,0.02,0.6,5.0,0.4,0.3,0.7681446889338749,311,0.89
22,0.02,0.6,5.0,0.4,0.3,0.8091642287612789,213,0.89
23,0.02,0.6,5.0,0.4,0.3,9.64540703126053e-07,60,0.89
24,0.02,0.6,5.0,0.4,0.3,1.5507724818381597e-05,68,0.89
25,0.02,0.6,5.0,0.4,0.3,7.118471498918671e-07,59,0.89
26,0.02,0.6,5.0,0.4,0.3,1.3642942597382564e-07,54,0.89
27,0.02,0.6,5.0,0.4,0.3,5.134516636895685e-05,72,0.89
28,0.02,0.6,5.0,0.4,0.3,4.238572286183021e-05,71,0.89
29,0.02,0.6,5.0,0.4,0.3,9.458117520207669e-09,46,0.89
30,0.02,0.6,5.0,0.4,0.3,5.046425000049593e-07,58,0.89
31,0.02,0.6,5.0,0.4,0.3,2.1062869204502952e-05,69,0.89
32,0.02,0.6,5.0,0.4,0.3,1.0692137767930753e-06,60,0.89
33,0.02,0.6,5.0,0.4,0.3,2.6897339987645857e-08,49,0.89
34,0.02,0.6,5.0,0.4,0.3,9.420123523619233e-09,46,0.89
35,0.02,0.6,5.0,0.4,0.3,1.9984365063407986e-07,55,0.89
36,0.02,0.6,5.0,0.4,0.3,5.461823735342048e-07,58,0.89
37,0.02,0.6,5.0,0.4,0.3,3.708241100842678e-07,57,0.89
38,0.02,0.6,5.0,0.4,0.3,2.0400247310956786e-05,69,0.89
39,0.02,0.6,5.0,0.4,0.3,0.8415340098557632,215,0.89
40,0.02,0.6,5.0,0.4,0.3,7.69741012427286e-06,66,0.89
41,0.02,0.6,5.0,0.4,0.3,2.082114831309073e-06,62,0.89
42,0.02,0.6,5.0,0.4,0.3,1.1827025581950307e-06,61,0.89
43,0.02,0.6,5.0,0.4,0.3,3.0119310587836222e-05,70,0.89
44,0.02,0.6,5.0,0.4,0.3,9.149452213529132e-10,39,0.89
45,0.02,0.6,5.0,0.4,0.3,2.1212088371573913e-06,62,0.89
46,0.02,0.6,5.0,0.4,0.3,5.3871906180714044e-05,72,0.89
47,0.02,0.6,5.0,0.4,0.3,7.69225943854978e-05,73,0.89
48,0.02,0.6,5.0,0.4,0.3,1.3472652393522699e-08,47,0.89
49,0.02,0.6,5.0,0.4,0.3,1.997233574222549e-06,62,0.89
50,0.02,0.6,5.0,0.4,0.3,1.3443410976864443e-08,47,0.89
51,0.02,0.6,5.0,0.4,0.3,8.225157703714929e-05,73,0.89
52,0.02,0.6,5.0,0.4,0.3,0.0003067225680475997,77,0.89
53,0.02,0.6,5.0,0.4,0.3,0.7810089338728355,341,0.89
54,0.02,0.6,5.0,0.4,0.3,2.9683509645103317e-06,63,0.89
55,0.02,0.6,5.0,0.4,0.3,9.113718220214466e-06,67,0.89
56,0.02,0.6,5.0,0.4,0.3,5.253778955130014e-07,58,0.89
57,0.02,0.6,5.0,0.4,0.3,2.7831124428264936e-07,56,0.89
58,0.02,0.6,5.0,0.4,0.3,3.722160534883077e-08,50,0.89
59,0.02,0.6,5.0,0.4,0.3,3.9727600956111555e-06,64,0.89
60,0.02,0.6,5.0,0.4,0.3,1.515219371351281e-06,61,0.89
61,0.02,0.6,5.0,0.4,0.3,0.8898730167825386,188,0.89
62,0.02,0.6,5.0,0.4,0.3,2.0408829628159558e-06,62,0.89
63,0.02,0.6,5.0,0.4,0.3,1.3408491738431755e-06,61,0.89
64,0.02,0.6,5.0,0.4,0.3,5.33050452890641e-07,58,0.89
65,0.02,0.6,5.0,0.4,0.3,3.876213821931771e-07,57,0.89
66,0.02,0.6,5.0,0.4,0.3,2.886519134517806e-05,70,0.89
67,0.02,0.6,5.0,0.4,0.3,2.746009807998276e-06,63,0.89
68,0.02,0.6,5.0,0.4,0.3,5.161934955522634e-07,58,0.89
69,0.02,0.6,5.0,0.4,0.3,0.7828794071912903,303,0.89
70,0.02,0.6,5.0,0.4,0.3,1.495828449416854e-06,61,0.89
71,0.02,0.6,5.0,0.4,0.3,4.883593392766793e-07,58,0.89
72,0.02,0.6,5.0,0.4,0.3,2.0878115004743113e-06,62,0.89
73,0.02,0.6,5.0,0.4,0.3,2.19435716711196e-05,69,0.89
74,0.02,0.6,5.0,0.4,0.3,9.782501131301522e-09,46,0.89
75,0.02,0.6,5.0,0.4,0.3,4.217536003723473e-05,71,0.89
76,0.02,0.6,5.0,0.4,0.3,0.6077293829831178,317,0.89
77,0.02,0.6,5.0,0.4,0.3,5.420220911704221e-07,58,0.89
78,0.02,0.6,5.0,0.4,0.3,0.8080057079471169,236,0.89
79,0.02,0.6,5.0,0.4,0.3,0.7708213301801593,308,0.89
80,0.02,0.6,5.0,0.4,0.3,0.8488490474156759,308,0.89
81,0.02,0.6,5.0,0.4,0.3,7.067675433275365e-08,52,0.89
82,0.02,0.6,5.0,0.4,0.3,0.0013142827110683016,83,0.89
83,0.02,0.6,5.0,0.4,0.3,1.0230433200439038e-07,53,0.89
84,0.02,0.6,5.0,0.4,0.3,0.00011496556470004739,75,0.89
85,0.02,0.6,5.0,0.4,0.3,7.5771809146558645e-06,66,0.89
86,0.02,0.6,5.0,0.4,0.3,5.030985705819171e-06,65,0.89
87,0.02,0.6,5.0,0.4,0.3,1.7993668526138138e-09,41,0.89
88,0.02,0.6,5.0,0.4,0.3,2.387248628870202e-05,70,0.89
89,0.02,0.6,5.0,0.4,0.3,5.16133053967129e-07,58,0.89
90,0.02,0.6,5.0,0.4,0.3,1.0110519671475651e-07,53,0.89
91,0.02,0.6,5.0,0.4,0.3,1.0580987197624478e-06,60,0.89
92,0.02,0.6,5.0,0.4,0.3,9.966771124962749e-08,53,0.89
93,0.02,0.6,5.0,0.4,0.3,5.7184399521957275e-06,65,0.89
94,0.02,0.6,5.0,0.4,0.3,2.790527063444052e-07,56,0.89
95,0.02,0.6,5.0,0.4,0.3,5.455001610164613e-07,58,0.89
96,0.02,0.6,5.0,0.4,0.3,2.914844789066924e-06,63,0.89
97,0.02,0.6,5.0,0.4,0.3,4.676091635842487e-05,72,0.89
98,0.02,0.6,5.0,0.4,0.3,1.428614573670688e-06,61,0.89
99,0.02,0.6,5.0,0.4,0.3,5.22266531629219e-06,65,0.89
100,0.03,0.6,5.0,0.4,0.3,7.307220968334519e-09,44,0.7
101,0.03,0.6,5.0,0.4,0.3,2.6105847501980244e-05,69,0.7
102,0.03,0.6,5.0,0.4,0.3,4.278527170631517e-06,63,0.7
103,0.03,0.6,5.0,0.4,0.3,1.053418434359208e-06,59,0.7
104,0.03,0.6,5.0,0.4,0.3,0.00011305172495423024,73,0.7
105,0.03,0.6,5.0,0.4,0.3,1.5304415241446921e-06,60,0.7
106,0.03,0.6,5.0,0.4,0.3,0.8690245313636272,343,0.7
107,0.03,0.6,5.0,0.4,0.3,1.1384712404878144e-06,59,0.7
108,0.03,0.6,5.0,0.4,0.3,0.8520295692462015,341,0.7
109,0.03,0.6,5.0,0.4,0.3,8.58380456738526e-06,65,0.7
110,0.03,0.6,5.0,0.4,0.3,8.331985809673131e-07,58,0.7
111,0.03,0.6,5.0,0.4,0.3,0.7761721646492419,226,0.7
112,0.03,0.6,5.0,0.4,0.3,2.982208673953458e-07,55,0.7
113,0.03,0.6,5.0,0.4,0.3,0.8021612011025137,274,0.7
114,0.03,0.6,5.0,0.4,0.3,0.8418613390304649,323,0.7
115,0.03,0.6,5.0,0.4,0.3,6.434462634273528e-05,71,0.7
116,0.03,0.6,5.0,0.4,0.3,0.6809406388024969,336,0.7
117,0.03,0.6,5.0,0.4,0.3,1.1328344104958561e-05,66,0.7
118,0.03,0.6,5.0,0.4,0.3,1.534317186445933e-06,60,0.7
119,0.03,0.6,5.0,0.4,0.3,1.0142252990326561e-05,66,0.7
120,0.03,0.6,5.0,0.4,0.3,5.839510615463582e-07,57,0.7
121,0.03,0.6,5.0,0.4,0.3,2.2307656415828536e-06,61,0.7
122,0.03,0.6,5.0,0.4,0.3,5.29492090475775e-06,64,0.7
123,0.03,0.6,5.0,0.4,0.3,0.8039621018250591,367,0.7
124,0.03,0.6,5.0,0.4,0.3,0.7901788978825189,333,0.7
125,0.03,0.6,5.0,0.4,0.3,8.743327649744044e-05,72,0.7
126,0.03,0.6,5.0,0.4,0.3,8.141359577926845e-06,65,0.7
127,0.03,0.6,5.0,0.4,0.3,3.150090282220474e-05,69,0.7
128,0.03,0.6,5.0,0.4,0.3,0.8286294525902547,325,0.7
129,0.03,0.6,5.0,0.4,0.3,1.2783647811412503e-06,60,0.7
130,0.03,0.6,5.0,0.4,0.3,2.3263713140733946e-05,68,0.7
131,0.03,0.6,5.0,0.4,0.3,1.3298729559240325e-05,67,0.7
132,0.03,0.6,5.0,0.4,0.3,0.0002517558628397944,76,0.7
133,0.03,0.6,5.0,0.4,0.3,5.280758981589879e-06,64,0.7
134,0.03,0.6,5.0,0.4,0.3,5.319328295696276e-09,43,0.7
135,0.03,0.6,5.0,0.4,0.3,1.0804248922504642e-07,52,0.7
136,0.03,0.6,5.0,0.4,0.3,4.085530576425359e-06,63,0.7
137,0.03,0.6,5.0,0.4,0.3,2.0668119113009427e-06,61,0.7
138,0.03,0.6,5.0,0.4,0.3,0.7678056542787356,319,0.7
139,0.03,0.6,5.0,0.4,0.3,5.53662608566285e-06,64,0.7
140,0.03,0.6,5.0,0.4,0.3,1.186720039547534e-05,66,0.7
141,0.03,0.6,5.0,0.4,0.3,2.100401826048904e-06,61,0.7
142,0.03,0.6,5.0,0.4,0.3,1.085197273053669e-05,66,0.7
143,0.03,0.6,5.0,0.4,0.3,2.965938470901152e-07,55,0.7
144,0.03,0.6,5.0,0.4,0.3,0.8782190023010743,340,0.7
145,0.03,0.6,5.0,0.4,0.3,0.8875161469631548,326,0.7
146,0.03,0.6,5.0,0.4,0.3,1.1214094066956027e-06,59,0.7
147,0.03,0.6,5.0,0.4,0.3,0.7349879002576677,137,0.7
148,0.03,0.6,5.0,0.4,0.3,0.7553934516320501,311,0.7
149,0.03,0.6,5.0,0.4,0.3,0.8831383919762485,330,0.7
150,0.03,0.6,5.0,0.4,0.3,1.1538437170942266e-06,59,0.7
151,0.03,0.6,5.0,0.4,0.3,4.113104153755172e-07,56,0.7
152,0.03,0.6,5.0,0.4,0.3,7.869317171750633e-07,58,0.7
153,0.03,0.6,5.0,0.4,0.3,2.996427679199127e-06,62,0.7
154,0.03,0.6,5.0,0.4,0.3,0.7519158399950941,321,0.7
155,0.03,0.6,5.0,0.4,0.3,0.7749740349042814,346,0.7
156,0.03,0.6,5.0,0.4,0.3,1.5876359687349748e-06,60,0.7
157,0.03,0.6,5.0,0.4,0.3,2.0513026891402926e-07,54,0.7
158,0.03,0.6,5.0,0.4,0.3,0.8122681922798527,311,0.7
159,0.03,0.6,5.0,0.4,0.3,0.7619035786844096,274,0.7
160,0.03,0.6,5.0,0.4,0.3,4.2379987470084506e-07,56,0.7
161,0.03,0.6,5.0,0.4,0.3,3.1272175664475345e-05,69,0.7
162,0.03,0.6,5.0,0.4,0.3,0.7690946813268439,316,0.7
163,0.03,0.6,5.0,0.4,0.3,6.198663553966079e-05,71,0.7
164,0.03,0.6,5.0,0.4,0.3,1.5989319050695732e-06,60,0.7
165,0.03,0.6,5.0,0.4,0.3,2.5013918703391726e-06,62,0.7
166,0.03,0.6,5.0,0.4,0.3,0.8046346853009487,347,0.7
167,0.03,0.6,5.0,0.4,0.3,7.718615651578818e-08,51,0.7
168,0.03,0.6,5.0,0.4,0.3,4.233610759237075e-06,63,0.7
169,0.03,0.6,5.0,0.4,0.3,0.732800998416519,341,0.7
170,0.03,0.6,5.0,0.4,0.3,3.0526830341771956e-06,62,0.7
171,0.03,0.6,5.0,0.4,0.3,0.8408725444110264,309,0.7
172,0.03,0.6,5.0,0.4,0.3,4.1442714077507976e-07,56,0.7
173,0.03,0.6,5.0,0.4,0.3,0.8559458909987092,263,0.7
174,0.03,0.6,5.0,0.4,0.3,0.8398730439082581,321,0.7
175,0.03,0.6,5.0,0.4,0.3,7.711625242076559e-08,51,0.7
176,0.03,0.6,5.0,0.4,0.3,4.354280409507847e-05,70,0.7
177,0.03,0.6,5.0,0.4,0.3,3.070880299802299e-06,62,0.7
178,0.03,0.6,5.0,0.4,0.3,1.0858554853664938e-07,52,0.7
179,0.03,0.6,5.0,0.4,0.3,0.8220952461223021,240,0.7
180,0.03,0.6,5.0,0.4,0.3,5.681592464521603e-06,64,0.7
181,0.03,0.6,5.0,0.4,0.3,2.4904175284470072e-05,70,0.7
182,0.03,0.6,5.0,0.4,0.3,0.001180024047100412,80,0.7
183,0.03,0.6,5.0,0.4,0.3,8.114058527830899e-07,58,0.7
184,0.03,0.6,5.0,0.4,0.3,0.7185752508952427,269,0.7
185,0.03,0.6,5.0,0.4,0.3,2.068226259378652e-07,54,0.7
186,0.03,0.6,5.0,0.4,0.3,0.0004057657480302785,77,0.7
187,0.03,0.6,5.0,0.4,0.3,2.0772809939333302e-07,54,0.7
188,0.03,0.6,5.0,0.4,0.3,0.7886903937649058,342,0.7
189,0.03,0.6,5.0,0.4,0.3,3.460633539735794e-05,70,0.7
190,0.03,0.6,5.0,0.4,0.3,2.1893326198168013e-06,61,0.7
191,0.03,0.6,5.0,0.4,0.3,9.649989836222913e-05,73,0.7
192,0.03,0.6,5.0,0.4,0.3,0.0003722126219043584,77,0.7
193,0.03,0.6,5.0,0.4,0.3,8.166417590340573e-07,58,0.7
194,0.03,0.6,5.0,0.4,0.3,0.7111067203018523,272,0.7
195,0.03,0.6,5.0,0.4,0.3,8.447114792412012e-06,65,0.7
196,0.03,0.6,5.0,0.4,0.3,4.1662734026544904e-07,56,0.7
197,0.03,0.6,5.0,0.4,0.3,5.508633337984841e-05,71,0.7
198,0.03,0.6,5.0,0.4,0.3,2.057157940428774e-06,61,0.7
199,0.03,0.6,5.0,0.4,0.3,0.8673919215934859,345,0.7
200,0.04,0.6,5.0,0.4,0.3,1.5080980128371248e-06,59,0.64
201,0.04,0.6,5.0,0.4,0.3,2.8416469757880484e-07,54,0.64
202,0.04,0.6,5.0,0.4,0.3,0.8853536232122713,367,0.64
203,0.04,0.6,5.0,0.4,0.3,1.1999855436131322e-05,66,0.64
204,0.04,0.6,5.0,0.4,0.3,0.8297152285598147,142,0.64
205,0.04,0.6,5.0,0.4,0.3,3.833790659759069e-06,62,0.64
206,0.04,0.6,5.0,0.4,0.3,0.8017217225591595,320,0.64
207,0.04,0.6,5.0,0.4,0.3,2.934048076649383e-06,61,0.64
208,0.04,0.6,5.0,0.4,0.3,0.7349682511000173,325,0.64
209,0.04,0.6,5.0,0.4,0.3,1.1164581210515376e-05,65,0.64
210,0.04,0.6,5.0,0.4,0.3,0.7715320056673874,303,0.64
211,0.04,0.6,5.0,0.4,0.3,3.388179722612719e-05,69,0.64
212,0.04,0.6,5.0,0.4,0.3,4.142864058369276e-06,62,0.64
213,0.04,0.6,5.0,0.4,0.3,1.965161098144263e-05,68,0.64
214,0.04,0.6,5.0,0.4,0.3,7.036163645956926e-06,64,0.64
215,0.04,0.6,5.0,0.4,0.3,1.4224492089914967e-06,59,0.64
216,0.04,0.6,5.0,0.4,0.3,0.8522772491867396,343,0.64
217,0.04,0.6,5.0,0.4,0.3,0.7732493600795668,337,0.64
218,0.04,0.6,5.0,0.4,0.3,5.267795655986957e-07,56,0.64
219,0.04,0.6,5.0,0.4,0.3,4.170386483393118e-05,69,0.64
220,0.04,0.6,5.0,0.4,0.3,0.00011825247682180463,72,0.64
221,0.04,0.6,5.0,0.4,0.3,8.274434540210478e-07,58,0.64
222,0.04,0.6,5.0,0.4,0.3,1.8746988784611893e-06,60,0.64
223,0.04,0.6,5.0,0.4,0.3,0.7770793181768713,338,0.64
224,0.04,0.6,5.0,0.4,0.3,5.607449789262459e-07,56,0.64
225,0.04,0.6,5.0,0.4,0.3,2.9233193577790664e-06,61,0.64
226,0.04,0.6,5.0,0.4,0.3,1.3732281941987603e-07,52,0.64
227,0.04,0.6,5.0,0.4,0.3,4.361732609871753e-07,56,0.64
228,0.04,0.6,5.0,0.4,0.3,2.0200268843846417e-06,60,0.64
229,0.04,0.6,5.0,0.4,0.3,0.858564430071209,328,0.64
230,0.04,0.6,5.0,0.4,0.3,3.8266025061927115e-07,55,0.64
231,0.04,0.6,5.0,0.4,0.3,0.7693941819146167,286,0.64
232,0.04,0.6,5.0,0.4,0.3,0.7661459203733374,303,0.64
233,0.04,0.6,5.0,0.4,0.3,0.7125678887863428,198,0.64
234,0.04,0.6,5.0,0.4,0.3,0.6840003988464634,336,0.64
235,0.04,0.6,5.0,0.4,0.3,9.198229093758675e-06,66,0.64
236,0.04,0.6,5.0,0.4,0.3,7.55522817659248e-05,71,0.64
237,0.04,0.6,5.0,0.4,0.3,7.539232983205036e-05,71,0.64
238,0.04,0.6,5.0,0.4,0.3,0.6889004927597195,308,0.64
239,0.04,0.6,5.0,0.4,0.3,7.656389288197992e-07,57,0.64
240,0.04,0.6,5.0,0.4,0.3,0.006660953493585839,85,0.64
241,0.04,0.6,5.0,0.4,0.3,0.8518573274992083,325,0.64
242,0.04,0.6,5.0,0.4,0.3,3.9857220116606045e-06,62,0.64
243,0.04,0.6,5.0,0.4,0.3,0.7351336944769873,332,0.64
244,0.04,0.6,5.0,0.4,0.3,0.8192973243009927,279,0.64
245,0.04,0.6,5.0,0.4,0.3,2.5210615265299237e-05,68,0.64
246,0.04,0.6,5.0,0.4,0.3,1.421130543199803e-07,52,0.64
247,0.04,0.6,5.0,0.4,0.3,2.935162240806888e-06,61,0.64
248,0.04,0.6,5.0,0.4,0.3,1.0055589249000736e-05,65,0.64
249,0.04,0.6,5.0,0.4,0.3,5.4409162552692844e-05,70,0.64
250,0.04,0.6,5.0,0.4,0.3,0.0014072802933700855,80,0.64
251,0.04,0.6,5.0,0.4,0.3,0.00014660478328708842,73,0.64
252,0.04,0.6,5.0,0.4,0.3,2.0095129954185323e-06,60,0.64
253,0.04,0.6,5.0,0.4,0.3,0.7793224440069376,336,0.64
254,0.04,0.6,5.0,0.4,0.3,0.7729526652115858,298,0.64
255,0.04,0.6,5.0,0.4,0.3,5.304892265016326e-07,56,0.64
256,0.04,0.6,5.0,0.4,0.3,0.00042036309995033884,77,0.64
257,0.04,0.6,5.0,0.4,0.3,1.081227044053396e-06,58,0.64
258,0.04,0.6,5.0,0.4,0.3,0.7634781048485628,280,0.64
259,0.04,0.6,5.0,0.4,0.3,6.886462667076007e-09,43,0.64
260,0.04,0.6,5.0,0.4,0.3,6.947546269679439e-07,57,0.64
261,0.04,0.6,5.0,0.4,0.3,0.803524730118776,285,0.64
262,0.04,0.6,5.0,0.4,0.3,3.1252853083870378e-06,62,0.64
263,0.04,0.6,5.0,0.4,0.3,0.7889264691937393,314,0.64
264,0.04,0.6,5.0,0.4,0.3,2.799203176465039e-06,62,0.64
265,0.04,0.6,5.0,0.4,0.3,0.7489984296727794,343,0.64
266,0.04,0.6,5.0,0.4,0.3,3.695097461209551e-08,48,0.64
267,0.04,0.6,5.0,0.4,0.3,0.708604044630068,304,0.64
268,0.04,0.6,5.0,0.4,0.3,7.1476137208148675e-06,64,0.64
269,0.04,0.6,5.0,0.4,0.3,1.0375504804776273e-07,51,0.64
270,0.04,0.6,5.0,0.4,0.3,0.8428976722324053,295,0.64
271,0.04,0.6,5.0,0.4,0.3,0.7966615459458863,330,0.64
272,0.04,0.6,5.0,0.4,0.3,0.00037124595669631025,76,0.64
273,0.04,0.6,5.0,0.4,0.3,0.0002178323129121209,74,0.64
274,0.04,0.6,5.0,0.4,0.3,0.8039333260839111,360,0.64
275,0.04,0.6,5.0,0.4,0.3,2.5455759856624665e-07,54,0.64
276,0.04,0.6,5.0,0.4,0.3,7.106855877066228e-08,50,0.64
277,0.04,0.6,5.0,0.4,0.3,0.8869310278947625,220,0.64
278,0.04,0.6,5.0,0.4,0.3,6.881134275520565e-07,57,0.64
279,0.04,0.6,5.0,0.4,0.3,5.477856429679095e-07,56,0.64
280,0.04,0.6,5.0,0.4,0.3,0.8484468580506364,338,0.64
281,0.04,0.6,5.0,0.4,0.3,0.7896079936735476,352,0.64
282,0.04,0.6,5.0,0.4,0.3,0.7636518615072421,341,0.64
283,0.04,0.6,5.0,0.4,0.3,0.8637038971659947,313,0.64
284,0.04,0.6,5.0,0.4,0.3,0.8474030202864989,317,0.64
285,0.04,0.6,5.0,0.4,0.3,1.4811302899258802e-06,59,0.64
286,0.04,0.6,5.0,0.4,0.3,0.8282352219378832,257,0.64
287,0.04,0.6,5.0,0.4,0.3,0.00015208924386373202,73,0.64
288,0.04,0.6,5.0,0.4,0.3,7.480187046880532e-08,50,0.64
289,0.04,0.6,5.0,0.4,0.3,2.033827286235222e-06,60,0.64
290,0.04,0.6,5.0,0.4,0.3,0.00016215286632293975,73,0.64
291,0.04,0.6,5.0,0.4,0.3,0.8736093775249543,328,0.64
292,0.04,0.6,5.0,0.4,0.3,2.787736333040904e-06,61,0.64
293,0.04,0.6,5.0,0.4,0.3,0.0030108213782973443,84,0.64
294,0.04,0.6,5.0,0.4,0.3,0.0007523596094495108,79,0.64
295,0.04,0.6,5.0,0.4,0.3,1.960871046002193e-05,67,0.64
296,0.04,0.6,5.0,0.4,0.3,0.7628999392715462,294,0.64
297,0.04,0.6,5.0,0.4,0.3,1.0055618381711166e-07,51,0.64
298,0.04,0.6,5.0,0.4,0.3,7.248746338665434e-06,64,0.64
299,0.04,0.6,5.0,0.4,0.3,3.628805656975634e-06,62,0.64
300,0.05,0.6,5.0,0.4,0.3,0.7964598903687248,327,0.39
301,0.05,0.6,5.0,0.4,0.3,0.8414872214648199,330,0.39
302,0.05,0.6,5.0,0.4,0.3,0.8226309707230851,298,0.39
303,0.05,0.6,5.0,0.4,0.3,1.3497387097836405e-05,65,0.39
304,0.05,0.6,5.0,0.4,0.3,0.00017631579774014458,73,0.39
305,0.05,0.6,5.0,0.4,0.3,0.8403027909323534,363,0.39
306,0.05,0.6,5.0,0.4,0.3,0.8318118316683123,276,0.39
307,0.05,0.6,5.0,0.4,0.3,0.8521539535232524,198,0.39
308,0.05,0.6,5.0,0.4,0.3,4.637948247413095e-08,48,0.39
309,0.05,0.6,5.0,0.4,0.3,0.00019949313556329108,73,0.39
310,0.05,0.6,5.0,0.4,0.3,3.5386897508545677e-06,61,0.39
311,0.05,0.6,5.0,0.4,0.3,0.767418595753088,347,0.39
312,0.05,0.6,5.0,0.4,0.3,8.568508937536701e-06,64,0.39
313,0.05,0.6,5.0,0.4,0.3,0.8382468411854919,347,0.39
314,0.05,0.6,5.0,0.4,0.3,0.8731161295077813,355,0.39
315,0.05,0.6,5.0,0.4,0.3,0.8732141546510591,297,0.39
316,0.05,0.6,5.0,0.4,0.3,0.8125902505927018,328,0.39
317,0.05,0.6,5.0,0.4,0.3,0.7478426622370554,337,0.39
318,0.05,0.6,5.0,0.4,0.3,0.8614626271161537,288,0.39
319,0.05,0.6,5.0,0.4,0.3,0.8141292206355459,319,0.39
320,0.05,0.6,5.0,0.4,0.3,0.8342373250255004,333,0.39
321,0.05,0.6,5.0,0.4,0.3,8.838620283831976e-07,57,0.39
322,0.05,0.6,5.0,0.4,0.3,0.8413071377206741,345,0.39
323,0.05,0.6,5.0,0.4,0.3,0.763407539927415,322,0.39
324,0.05,0.6,5.0,0.4,0.3,1.3859618238659105e-05,65,0.39
325,0.05,0.6,5.0,0.4,0.3,1.251877498601445e-07,51,0.39
326,0.05,0.6,5.0,0.4,0.3,0.8425516745285161,223,0.39
327,0.05,0.6,5.0,0.4,0.3,0.8812089972194423,324,0.39
328,0.05,0.6,5.0,0.4,0.3,4.625340314477849e-05,69,0.39
329,0.05,0.6,5.0,0.4,0.3,0.7749100661586703,322,0.39
330,0.05,0.6,5.0,0.4,0.3,9.20257993373832e-06,64,0.39
331,0.05,0.6,5.0,0.4,0.3,3.1269975029818907e-06,61,0.39
332,0.05,0.6,5.0,0.4,0.3,2.3837871923047884e-05,67,0.39
333,0.05,0.6,5.0,0.4,0.3,2.4954128016827433e-06,60,0.39
334,0.05,0.6,5.0,0.4,0.3,1.8265261436442497e-05,66,0.39
335,0.05,0.6,5.0,0.4,0.3,0.8728794802107703,275,0.39
336,0.05,0.6,5.0,0.4,0.3,1.8865945330675633e-05,66,0.39
337,0.05,0.6,5.0,0.4,0.3,0.8663715201155425,289,0.39
338,0.05,0.6,5.0,0.4,0.3,5.5902472757824e-07,56,0.39
339,0.05,0.6,5.0,0.4,0.3,0.673875139799822,194,0.39
340,0.05,0.6,5.0,0.4,0.3,0.7767748040831227,246,0.39
341,0.05,0.6,5.0,0.4,0.3,0.7962579697777866,320,0.39
342,0.05,0.6,5.0,0.4,0.3,0.7394684946487985,285,0.39
343,0.05,0.6,5.0,0.4,0.3,9.538771769313416e-07,57,0.39
344,0.05,0.6,5.0,0.4,0.3,2.4901575740022863e-07,53,0.39
345,0.05,0.6,5.0,0.4,0.3,0.6876564310781805,315,0.39
346,0.05,0.6,5.0,0.4,0.3,0.6898482648915797,299,0.39
347,0.05,0.6,5.0,0.4,0.3,1.2300566956396219e-07,51,0.39
348,0.05,0.6,5.0,0.4,0.3,0.7795974245598771,323,0.39
349,0.05,0.6,5.0,0.4,0.3,0.8383927016740697,315,0.39
350,0.05,0.6,5.0,0.4,0.3,0.8140735841310757,287,0.39
351,0.05,0.6,5.0,0.4,0.3,0.8344052871690391,328,0.39
352,0.05,0.6,5.0,0.4,0.3,0.6521387595199123,298,0.39
353,0.05,0.6,5.0,0.4,0.3,0.7350947282744604,341,0.39
354,0.05,0.6,5.0,0.4,0.3,0.8649743437520878,246,0.39
355,0.05,0.6,5.0,0.4,0.3,0.850540718774907,236,0.39
356,0.05,0.6,5.0,0.4,0.3,7.201152145119795e-06,63,0.39
357,0.05,0.6,5.0,0.4,0.3,0.6388439890035663,287,0.39
358,0.05,0.6,5.0,0.4,0.3,1.5835088804406907e-06,59,0.39
359,0.05,0.6,5.0,0.4,0.3,0.8060781740933783,364,0.39
360,0.05,0.6,5.0,0.4,0.3,0.7797722691349888,352,0.39
361,0.05,0.6,5.0,0.4,0.3,0.8636140725016521,317,0.39
362,0.05,0.6,5.0,0.4,0.3,0.636547436979551,346,0.39
363,0.05,0.6,5.0,0.4,0.3,2.4606722842014145e-07,53,0.39
364,0.05,0.6,5.0,0.4,0.3,5.919771401838437e-07,56,0.39
365,0.05,0.6,5.0,0.4,0.3,0.7781063123694482,349,0.39
366,0.05,0.6,5.0,0.4,0.3,4.6925610382398143e-07,55,0.39
367,0.05,0.6,5.0,0.4,0.3,0.7008927137221415,333,0.39
368,0.05,0.6,5.0,0.4,0.3,6.201872130388988e-07,56,0.39
369,0.05,0.6,5.0,0.4,0.3,0.8330521956660818,333,0.39
370,0.05,0.6,5.0,0.4,0.3,0.00034637738219864674,75,0.39
371,0.05,0.6,5.0,0.4,0.3,0.8394995878605132,343,0.39
372,0.05,0.6,5.0,0.4,0.3,0.8375292091176405,315,0.39
373,0.05,0.6,5.0,0.4,0.3,0.8100216278021019,320,0.39
374,0.05,0.6,5.0,0.4,0.3,0.8374127809600898,296,0.39
375,0.05,0.6,5.0,0.4,0.3,0.7939549672687967,323,0.39
376,0.05,0.6,5.0,0.4,0.3,0.8712286406033898,279,0.39
377,0.05,0.6,5.0,0.4,0.3,6.244170050477034e-06,63,0.39
378,0.05,0.6,5.0,0.4,0.3,1.7128093967334035e-05,66,0.39
379,0.05,0.6,5.0,0.4,0.3,0.8647795528347985,330,0.39
380,0.05,0.6,5.0,0.4,0.3,0.8452717331671227,230,0.39
381,0.05,0.6,5.0,0.4,0.3,0.8444467554770351,317,0.39
382,0.05,0.6,5.0,0.4,0.3,0.7932742924120343,347,0.39
383,0.05,0.6,5.0,0.4,0.3,0.8176406007854713,337,0.39
384,0.05,0.6,5.0,0.4,0.3,3.7610184399560163e-05,68,0.39
385,0.05,0.6,5.0,0.4,0.3,0.6804017781773659,307,0.39
386,0.05,0.6,5.0,0.4,0.3,6.934735733968818e-06,63,0.39
387,0.05,0.6,5.0,0.4,0.3,6.464727497204702e-05,70,0.39
388,0.05,0.6,5.0,0.4,0.3,2.469548942916802e-07,53,0.39
389,0.05,0.6,5.0,0.4,0.3,0.8342477161313092,356,0.39
390,0.05,0.6,5.0,0.4,0.3,4.669327538791362e-06,62,0.39
391,0.05,0.6,5.0,0.4,0.3,3.714406066758165e-06,61,0.39
392,0.05,0.6,5.0,0.4,0.3,0.8649503339304935,331,0.39
393,0.05,0.6,5.0,0.4,0.3,0.8445008554690324,326,0.39
394,0.05,0.6,5.0,0.4,0.3,2.548943430296003e-06,61,0.39
395,0.05,0.6,5.0,0.4,0.3,9.178228190951646e-07,57,0.39
396,0.05,0.6,5.0,0.4,0.3,0.8517211372516792,362,0.39
397,0.05,0.6,5.0,0.4,0.3,7.501252457419836e-05,70,0.39
398,0.05,0.6,5.0,0.4,0.3,0.8251515069529127,334,0.39
399,0.05,0.6,5.0,0.4,0.3,0.00011407367577987343,72,0.39
400,0.06,0.6,5.0,0.4,0.3,0.8085221750905481,314,0.48
401,0.06,0.6,5.0,0.4,0.3,0.7706669956627022,250,0.48
402,0.06,0.6,5.0,0.4,0.3,0.8378659934947468,254,0.48
403,0.06,0.6,5.0,0.4,0.3,1.2937155128407617e-05,65,0.48
404,0.06,0.6,5.0,0.4,0.3,3.8855383822482563e-08,47,0.48
405,0.06,0.6,5.0,0.4,0.3,0.7275936815303284,321,0.48
406,0.06,0.6,5.0,0.4,0.3,2.0681891193356307e-07,52,0.48
407,0.06,0.6,5.0,0.4,0.3,2.216780583910555e-05,67,0.48
408,0.06,0.6,5.0,0.4,0.3,0.8458270617667565,342,0.48
409,0.06,0.6,5.0,0.4,0.3,8.031653203725744e-05,70,0.48
410,0.06,0.6,5.0,0.4,0.3,6.107555780198534e-06,62,0.48
411,0.06,0.6,5.0,0.4,0.3,1.4647542958102748e-07,51,0.48
412,0.06,0.6,5.0,0.4,0.3,0.7838838499420241,339,0.48
413,0.06,0.6,5.0,0.4,0.3,6.029177381071934e-06,62,0.48
414,0.06,0.6,5.0,0.4,0.3,2.3143702713191295e-05,67,0.48
415,0.06,0.6,5.0,0.4,0.3,2.3804455539082334e-05,67,0.48
416,0.06,0.6,5.0,0.4,0.3,0.00015942997483186402,74,0.48
417,0.06,0.6,5.0,0.4,0.3,5.434592447710842e-05,69,0.48
418,0.06,0.6,5.0,0.4,0.3,5.561889264476579e-07,55,0.48
419,0.06,0.6,5.0,0.4,0.3,1.7699737545488556e-06,59,0.48
420,0.06,0.6,5.0,0.4,0.3,7.390005198205857e-06,63,0.48
421,0.06,0.6,5.0,0.4,0.3,2.1014992010856597e-07,52,0.48
422,0.06,0.6,5.0,0.4,0.3,0.8293426460005535,309,0.48
423,0.06,0.6,5.0,0.4,0.3,7.562688810581671e-06,63,0.48
424,0.06,0.6,5.0,0.4,0.3,0.8626906860608583,353,0.48
425,0.06,0.6,5.0,0.4,0.3,1.7119452055717315e-05,65,0.48
426,0.06,0.6,5.0,0.4,0.3,0.8805142323249173,343,0.48
427,0.06,0.6,5.0,0.4,0.3,0.8430979260800567,325,0.48
428,0.06,0.6,5.0,0.4,0.3,0.8653501575931607,317,0.48
429,0.06,0.6,5.0,0.4,0.3,0.8503527789573093,351,0.48
430,0.06,0.6,5.0,0.4,0.3,7.52786084928384e-06,63,0.48
431,0.06,0.6,5.0,0.4,0.3,0.80900892381706,314,0.48
432,0.06,0.6,5.0,0.4,0.3,0.7099260370857515,226,0.48
433,0.06,0.6,5.0,0.4,0.3,5.3372316101620184e-05,69,0.48
434,0.06,0.6,5.0,0.4,0.3,0.8546646970866174,360,0.48
435,0.06,0.6,5.0,0.4,0.3,7.836267552500058e-06,63,0.48
436,0.06,0.6,5.0,0.4,0.3,1.4341323662055837e-08,44,0.48
437,0.06,0.6,5.0,0.4,0.3,0.8699360025461451,318,0.48
438,0.06,0.6,5.0,0.4,0.3,0.8674396635894084,235,0.48
439,0.06,0.6,5.0,0.4,0.3,0.8485616674774517,318,0.48
440,0.06,0.6,5.0,0.4,0.3,0.7546440447063636,295,0.48
441,0.06,0.6,5.0,0.4,0.3,1.8932934937235862e-08,45,0.48
442,0.06,0.6,5.0,0.4,0.3,6.0283586805169465e-06,62,0.48
443,0.06,0.6,5.0,0.4,0.3,0.7839677165043655,309,0.48
444,0.06,0.6,5.0,0.4,0.3,0.7335412571693654,267,0.48
445,0.06,0.6,5.0,0.4,0.3,0.8509042071659293,295,0.48
446,0.06,0.6,5.0,0.4,0.3,0.8389184602010075,333,0.48
447,0.06,0.6,5.0,0.4,0.3,0.8134475607224968,346,0.48
448,0.06,0.6,5.0,0.4,0.3,0.7964772613385566,229,0.48
449,0.06,0.6,5.0,0.4,0.3,0.7788921017558574,327,0.48
450,0.06,0.6,5.0,0.4,0.3,0.6272463607880668,345,0.48
451,0.06,0.6,5.0,0.4,0.3,0.5451551617147756,348,0.48
452,0.06,0.6,5.0,0.4,0.3,1.9587546598202834e-06,59,0.48
453,0.06,0.6,5.0,0.4,0.3,7.028864980106084e-07,56,0.48
454,0.06,0.6,5.0,0.4,0.3,3.740138829304429e-08,47,0.48
455,0.06,0.6,5.0,0.4,0.3,0.8227217677312668,329,0.48
456,0.06,0.6,5.0,0.4,0.3,0.856712104027458,332,0.48
457,0.06,0.6,5.0,0.4,0.3,0.8711365349643192,289,0.48
458,0.06,0.6,5.0,0.4,0.3,1.913541452994039e-06,59,0.48
459,0.06,0.6,5.0,0.4,0.3,0.785573229817102,296,0.48
460,0.06,0.6,5.0,0.4,0.3,8.991675925876499e-07,57,0.48
461,0.06,0.6,5.0,0.4,0.3,0.706469413458313,328,0.48
462,0.06,0.6,5.0,0.4,0.3,2.9143509125336677e-07,53,0.48
463,0.06,0.6,5.0,0.4,0.3,0.8628869914918633,367,0.48
464,0.06,0.6,5.0,0.4,0.3,0.8529208924695152,337,0.48
465,0.06,0.6,5.0,0.4,0.3,1.6082179422838304e-05,65,0.48
466,0.06,0.6,5.0,0.4,0.3,0.0002024052910114461,73,0.48
467,0.06,0.6,5.0,0.4,0.3,0.726376670553656,308,0.48
468,0.06,0.6,5.0,0.4,0.3,0.00047291686351194287,75,0.48
469,0.06,0.6,5.0,0.4,0.3,0.811829167134658,346,0.48
470,0.06,0.6,5.0,0.4,0.3,2.6375533106892953e-06,60,0.48
471,0.06,0.6,5.0,0.4,0.3,4.5352827846829826e-05,68,0.48
472,0.06,0.6,5.0,0.4,0.3,0.7978200493565353,344,0.48
473,0.06,0.6,5.0,0.4,0.3,0.7015893600047836,302,0.48
474,0.06,0.6,5.0,0.4,0.3,0.8343336196669812,349,0.48
475,0.06,0.6,5.0,0.4,0.3,8.258257160394042e-07,56,0.48
476,0.06,0.6,5.0,0.4,0.3,0.707609480614572,348,0.48
477,0.06,0.6,5.0,0.4,0.3,0.0007882661329684901,78,0.48
478,0.06,0.6,5.0,0.4,0.3,5.71835486750402e-06,62,0.48
479,0.06,0.6,5.0,0.4,0.3,3.743728679961274e-06,61,0.48
480,0.06,0.6,5.0,0.4,0.3,0.7790645423809617,371,0.48
481,0.06,0.6,5.0,0.4,0.3,0.8115280124315916,305,0.48
482,0.06,0.6,5.0,0.4,0.3,0.8507493745989296,326,0.48
483,0.06,0.6,5.0,0.4,0.3,0.8292477513598873,336,0.48
484,0.06,0.6,5.0,0.4,0.3,0.8279053939403977,283,0.48
485,0.06,0.6,5.0,0.4,0.3,0.8664596924853383,341,0.48
486,0.06,0.6,5.0,0.4,0.3,0.8829708919691854,291,0.48
487,0.06,0.6,5.0,0.4,0.3,0.0038303682250130436,83,0.48
488,0.06,0.6,5.0,0.4,0.3,1.0832269002860469e-06,57,0.48
489,0.06,0.6,5.0,0.4,0.3,1.967674131712767e-07,52,0.48
490,0.06,0.6,5.0,0.4,0.3,0.7841851809299532,346,0.48
491,0.06,0.6,5.0,0.4,0.3,0.0003300162417886368,75,0.48
492,0.06,0.6,5.0,0.4,0.3,1.4743310890891363e-06,58,0.48
493,0.06,0.6,5.0,0.4,0.3,4.3310370404405415e-07,54,0.48
494,0.06,0.6,5.0,0.4,0.3,0.719330504473495,297,0.48
495,0.06,0.6,5.0,0.4,0.3,7.50393902032332e-05,70,0.48
496,0.06,0.6,5.0,0.4,0.3,5.781366443202483e-06,62,0.48
497,0.06,0.6,5.0,0.4,0.3,0.7993380720719924,327,0.48
498,0.06,0.6,5.0,0.4,0.3,2.20236140325428e-06,59,0.48
499,0.06,0.6,5.0,0.4,0.3,0.7434853995359487,355,0.48
500,0.07,0.6,5.0,0.4,0.3,0.8875337607234703,325,0.33
501,0.07,0.6,5.0,0.4,0.3,6.826569972194324e-07,55,0.33
502,0.07,0.6,5.0,0.4,0.3,1.943050471300869e-05,65,0.33
503,0.07,0.6,5.0,0.4,0.3,0.7912220269557322,322,0.33
504,0.07,0.6,5.0,0.4,0.3,7.524920902618327e-06,63,0.33
505,0.07,0.6,5.0,0.4,0.3,2.98526958762582e-07,53,0.33
506,0.07,0.6,5.0,0.4,0.3,0.8622375122484857,338,0.33
507,0.07,0.6,5.0,0.4,0.3,0.6352148698208177,319,0.33
508,0.07,0.6,5.0,0.4,0.3,0.6749505454934391,324,0.33
509,0.07,0.6,5.0,0.4,0.3,0.8551298841394538,302,0.33
510,0.07,0.6,5.0,0.4,0.3,0.8883386303589907,338,0.33
511,0.07,0.6,5.0,0.4,0.3,0.834547866233677,323,0.33
512,0.07,0.6,5.0,0.4,0.3,9.005751242483978e-06,63,0.33
513,0.07,0.6,5.0,0.4,0.3,0.7639133081196536,356,0.33
514,0.07,0.6,5.0,0.4,0.3,0.8371766590390775,329,0.33
515,0.07,0.6,5.0,0.4,0.3,1.138401141363232e-08,43,0.33
516,0.07,0.6,5.0,0.4,0.3,0.8787183286708772,332,0.33
517,0.07,0.6,5.0,0.4,0.3,0.8151567129874859,343,0.33
518,0.07,0.6,5.0,0.4,0.3,0.7217920942554273,313,0.33
519,0.07,0.6,5.0,0.4,0.3,0.8230082932284087,336,0.33
520,0.07,0.6,5.0,0.4,0.3,0.8296870780326869,304,0.33
521,0.07,0.6,5.0,0.4,0.3,0.8494797951822013,352,0.33
522,0.07,0.6,5.0,0.4,0.3,3.7979480345404994e-06,60,0.33
523,0.07,0.6,5.0,0.4,0.3,0.8503759046296103,321,0.33
524,0.07,0.6,5.0,0.4,0.3,0.8217649291038073,318,0.33
525,0.07,0.6,5.0,0.4,0.3,0.8309367660428594,338,0.33
526,0.07,0.6,5.0,0.4,0.3,0.8729908116909516,321,0.33
527,0.07,0.6,5.0,0.4,0.3,0.8391516911837921,188,0.33
528,0.07,0.6,5.0,0.4,0.3,2.3797116789363668e-05,66,0.33
529,0.07,0.6,5.0,0.4,0.3,0.7019182494420453,308,0.33
530,0.07,0.6,5.0,0.4,0.3,0.8038685692345989,326,0.33
531,0.07,0.6,5.0,0.4,0.3,0.8655253884461657,359,0.33
532,0.07,0.6,5.0,0.4,0.3,2.8206333576994806e-06,60,0.33
533,0.07,0.6,5.0,0.4,0.3,8.29304093020159e-05,70,0.33
534,0.07,0.6,5.0,0.4,0.3,0.7933645121112864,345,0.33
535,0.07,0.6,5.0,0.4,0.3,9.503989109374428e-06,63,0.33
536,0.07,0.6,5.0,0.4,0.3,4.641345822607118e-06,61,0.33
537,0.07,0.6,5.0,0.4,0.3,4.327289013806546e-06,61,0.33
538,0.07,0.6,5.0,0.4,0.3,0.7701371198329153,361,0.33
539,0.07,0.6,5.0,0.4,0.3,0.8399928141943073,160,0.33
540,0.07,0.6,5.0,0.4,0.3,0.7165030316111837,317,0.33
541,0.07,0.6,5.0,0.4,0.3,0.7972409080157562,290,0.33
542,0.07,0.6,5.0,0.4,0.3,0.8763333656821111,310,0.33
543,0.07,0.6,5.0,0.4,0.3,0.8512634273053755,313,0.33
544,0.07,0.6,5.0,0.4,0.3,0.6720698962115716,344,0.33
545,0.07,0.6,5.0,0.4,0.3,1.2161703592848082e-08,43,0.33
546,0.07,0.6,5.0,0.4,0.3,0.7194494291294599,349,0.33
547,0.07,0.6,5.0,0.4,0.3,9.554743135547733e-06,63,0.33
548,0.07,0.6,5.0,0.4,0.3,0.8108066161395666,308,0.33
549,0.07,0.6,5.0,0.4,0.3,2.405566586499155e-07,52,0.33
550,0.07,0.6,5.0,0.4,0.3,0.859198656467932,286,0.33
551,0.07,0.6,5.0,0.4,0.3,2.2289661669778123e-06,60,0.33
552,0.07,0.6,5.0,0.4,0.3,0.8237851893103143,353,0.33
553,0.07,0.6,5.0,0.4,0.3,0.8620923310623367,333,0.33
554,0.07,0.6,5.0,0.4,0.3,0.00025676983988715717,74,0.33
555,0.07,0.6,5.0,0.4,0.3,1.7318001263362827e-05,65,0.33
556,0.07,0.6,5.0,0.4,0.3,0.8595560663872943,277,0.33
557,0.07,0.6,5.0,0.4,0.3,7.304748739869446e-05,69,0.33
558,0.07,0.6,5.0,0.4,0.3,0.0007269359724030944,77,0.33
559,0.07,0.6,5.0,0.4,0.3,0.6147883229983278,335,0.33
560,0.07,0.6,5.0,0.4,0.3,0.8568614086062695,290,0.33
561,0.07,0.6,5.0,0.4,0.3,0.7965404313035361,333,0.33
562,0.07,0.6,5.0,0.4,0.3,0.8213381720702385,318,0.33
563,0.07,0.6,5.0,0.4,0.3,8.735596879509219e-07,56,0.33
564,0.07,0.6,5.0,0.4,0.3,0.8119638310582123,324,0.33
565,0.07,0.6,5.0,0.4,0.3,0.7026271148519843,287,0.33
566,0.07,0.6,5.0,0.4,0.3,0.838516077319968,351,0.33
567,0.07,0.6,5.0,0.4,0.3,0.7467167071708717,271,0.33
568,0.07,0.6,5.0,0.4,0.3,0.8426158682525896,354,0.33
569,0.07,0.6,5.0,0.4,0.3,0.0014632820362279824,79,0.33
570,0.07,0.6,5.0,0.4,0.3,0.8627202568045328,325,0.33
571,0.07,0.6,5.0,0.4,0.3,0.8580438947470456,363,0.33
572,0.07,0.6,5.0,0.4,0.3,0.7463799209207185,341,0.33
573,0.07,0.6,5.0,0.4,0.3,0.778227747301125,368,0.33
574,0.07,0.6,5.0,0.4,0.3,0.8562873844595769,347,0.33
575,0.07,0.6,5.0,0.4,0.3,1.992383064081126e-05,66,0.33
576,0.07,0.6,5.0,0.4,0.3,3.262605645197575e-08,46,0.33
577,0.07,0.6,5.0,0.4,0.3,0.8271480658988204,355,0.33
578,0.07,0.6,5.0,0.4,0.3,0.7363149659265382,324,0.33
579,0.07,0.6,5.0,0.4,0.3,2.510678388870931e-06,59,0.33
580,0.07,0.6,5.0,0.4,0.3,4.5497289316338346e-07,54,0.33
581,0.07,0.6,5.0,0.4,0.3,0.6907667207356005,333,0.33
582,0.07,0.6,5.0,0.4,0.3,8.920127441461568e-07,56,0.33
583,0.07,0.6,5.0,0.4,0.3,0.8204437401743233,353,0.33
584,0.07,0.6,5.0,0.4,0.3,0.6889605046184127,272,0.33
585,0.07,0.6,5.0,0.4,0.3,0.7397458100606605,332,0.33
586,0.07,0.6,5.0,0.4,0.3,0.7361809096799989,253,0.33
587,0.07,0.6,5.0,0.4,0.3,1.8302446107007626e-05,65,0.33
588,0.07,0.6,5.0,0.4,0.3,0.8247938582057156,169,0.33
589,0.07,0.6,5.0,0.4,0.3,1.846035697638849e-07,52,0.33
590,0.07,0.6,5.0,0.4,0.3,5.987195207762913e-06,62,0.33
591,0.07,0.6,5.0,0.4,0.3,0.7686884694729518,296,0.33
592,0.07,0.6,5.0,0.4,0.3,0.8602860815603123,302,0.33
593,0.07,0.6,5.0,0.4,0.3,0.7372779370165381,247,0.33
594,0.07,0.6,5.0,0.4,0.3,0.7879826966184755,324,0.33
595,0.07,0.6,5.0,0.4,0.3,0.0004257226648589321,76,0.33
596,0.07,0.6,5.0,0.4,0.3,0.8411811163376223,346,0.33
597,0.07,0.6,5.0,0.4,0.3,0.8008544517003032,273,0.33
598,0.07,0.6,5.0,0.4,0.3,0.7532466420087768,351,0.33
599,0.07,0.6,5.0,0.4,0.3,3.467193506694713e-07,53,0.33
600,0.08,0.6,5.0,0.4,0.3,0.8045344490755916,358,0.19
601,0.08,0.6,5.0,0.4,0.3,0.8451167071417796,320,0.19
602,0.08,0.6,5.0,0.4,0.3,0.7983847713161021,341,0.19
603,0.08,0.6,5.0,0.4,0.3,0.8723748361990076,316,0.19
604,0.08,0.6,5.0,0.4,0.3,0.8108939447415091,298,0.19
605,0.08,0.6,5.0,0.4,0.3,0.7606202614609371,330,0.19
606,0.08,0.6,5.0,0.4,0.3,2.6657950720047466e-05,66,0.19
607,0.08,0.6,5.0,0.4,0.3,0.0015323486648187055,79,0.19
608,0.08,0.6,5.0,0.4,0.3,0.6840050630061527,315,0.19
609,0.08,0.6,5.0,0.4,0.3,0.7411544009130414,320,0.19
610,0.08,0.6,5.0,0.4,0.3,3.224216765910738e-06,60,0.19
611,0.08,0.6,5.0,0.4,0.3,0.8181861600805552,355,0.19
612,0.08,0.6,5.0,0.4,0.3,0.8511539258476425,343,0.19
613,0.08,0.6,5.0,0.4,0.3,0.8356847448523528,329,0.19
614,0.08,0.6,5.0,0.4,0.3,0.8078595688064721,348,0.19
615,0.08,0.6,5.0,0.4,0.3,0.8825803470908299,240,0.19
616,0.08,0.6,5.0,0.4,0.3,0.8882424354435043,318,0.19
617,0.08,0.6,5.0,0.4,0.3,0.7574193824607466,296,0.19
618,0.08,0.6,5.0,0.4,0.3,0.8422465515696159,337,0.19
619,0.08,0.6,5.0,0.4,0.3,0.8083946796517028,333,0.19
620,0.08,0.6,5.0,0.4,0.3,5.013392819485187e-07,54,0.19
621,0.08,0.6,5.0,0.4,0.3,0.7767556557740124,336,0.19
622,0.08,0.6,5.0,0.4,0.3,0.8572918582046867,350,0.19
623,0.08,0.6,5.0,0.4,0.3,0.7196628816304629,363,0.19
624,0.08,0.6,5.0,0.4,0.3,0.8026851106704201,322,0.19
625,0.08,0.6,5.0,0.4,0.3,0.7880869950676969,280,0.19
626,0.08,0.6,5.0,0.4,0.3,0.8540097420250273,274,0.19
627,0.08,0.6,5.0,0.4,0.3,0.8500145616912768,293,0.19
628,0.08,0.6,5.0,0.4,0.3,0.8065480085924116,338,0.19
629,0.08,0.6,5.0,0.4,0.3,0.8251315989398762,338,0.19
630,0.08,0.6,5.0,0.4,0.3,0.8666599354958592,239,0.19
631,0.08,0.6,5.0,0.4,0.3,1.5352742001552284e-05,64,0.19
632,0.08,0.6,5.0,0.4,0.3,0.8237398814197966,337,0.19
633,0.08,0.6,5.0,0.4,0.3,0.7358369493762799,289,0.19
634,0.08,0.6,5.0,0.4,0.3,0.8100493048286396,351,0.19
635,0.08,0.6,5.0,0.4,0.3,0.6850362008734384,337,0.19
636,0.08,0.6,5.0,0.4,0.3,0.8263258866913038,338,0.19
637,0.08,0.6,5.0,0.4,0.3,0.7058200956403723,337,0.19
638,0.08,0.6,5.0,0.4,0.3,2.032585745711468e-05,65,0.19
639,0.08,0.6,5.0,0.4,0.3,0.8108469962953316,282,0.19
640,0.08,0.6,5.0,0.4,0.3,0.004417192021834843,82,0.19
641,0.08,0.6,5.0,0.4,0.3,0.7861063769975902,317,0.19
642,0.08,0.6,5.0,0.4,0.3,0.8579710728130305,349,0.19
643,0.08,0.6,5.0,0.4,0.3,0.8640283976557466,327,0.19
644,0.08,0.6,5.0,0.4,0.3,0.827518760845767,335,0.19
645,0.08,0.6,5.0,0.4,0.3,0.7226456094042922,269,0.19
646,0.08,0.6,5.0,0.4,0.3,9.275720230528582e-07,56,0.19
647,0.08,0.6,5.0,0.4,0.3,0.8676061970450593,346,0.19
648,0.08,0.6,5.0,0.4,0.3,0.7105820220886898,320,0.19
649,0.08,0.6,5.0,0.4,0.3,0.825551301478557,338,0.19
650,0.08,0.6,5.0,0.4,0.3,0.7886584874294353,298,0.19
651,0.08,0.6,5.0,0.4,0.3,0.7971545823106341,362,0.19
652,0.08,0.6,5.0,0.4,0.3,7.142406188084915e-07,55,0.19
653,0.08,0.6,5.0,0.4,0.3,0.7275689049026863,249,0.19
654,0.08,0.6,5.0,0.4,0.3,0.8448723360651577,320,0.19
655,0.08,0.6,5.0,0.4,0.3,0.6781241261606749,336,0.19
656,0.08,0.6,5.0,0.4,0.3,0.8654003827480009,308,0.19
657,0.08,0.6,5.0,0.4,0.3,0.7657714588202046,342,0.19
658,0.08,0.6,5.0,0.4,0.3,0.8209799553184227,318,0.19
659,0.08,0.6,5.0,0.4,0.3,0.8668825537891727,330,0.19
660,0.08,0.6,5.0,0.4,0.3,1.0026844143901166e-06,56,0.19
661,0.08,0.6,5.0,0.4,0.3,1.5275455090882204e-06,57,0.19
662,0.08,0.6,5.0,0.4,0.3,0.7897515347704898,286,0.19
663,0.08,0.6,5.0,0.4,0.3,0.8093109951546562,153,0.19
664,0.08,0.6,5.0,0.4,0.3,0.8492788925972954,336,0.19
665,0.08,0.6,5.0,0.4,0.3,0.8228030119296857,348,0.19
666,0.08,0.6,5.0,0.4,0.3,0.8446492657293784,351,0.19
667,0.08,0.6,5.0,0.4,0.3,0.6771692850048805,338,0.19
668,0.08,0.6,5.0,0.4,0.3,0.8238045829849071,300,0.19
669,0.08,0.6,5.0,0.4,0.3,0.8073429835053498,297,0.19
670,0.08,0.6,5.0,0.4,0.3,3.929623195620386e-07,53,0.19
671,0.08,0.6,5.0,0.4,0.3,0.0009938956418478386,77,0.19
672,0.08,0.6,5.0,0.4,0.3,0.8560567332210679,359,0.19
673,0.08,0.6,5.0,0.4,0.3,0.8531561256389986,341,0.19
674,0.08,0.6,5.0,0.4,0.3,0.7420312350775276,340,0.19
675,0.08,0.6,5.0,0.4,0.3,0.8699644198898482,315,0.19
676,0.08,0.6,5.0,0.4,0.3,0.7434110999108201,301,0.19
677,0.08,0.6,5.0,0.4,0.3,0.7820867902029975,339,0.19
678,0.08,0.6,5.0,0.4,0.3,0.7806194631106724,272,0.19
679,0.08,0.6,5.0,0.4,0.3,5.912510379312345e-05,69,0.19
680,0.08,0.6,5.0,0.4,0.3,0.8475664702873172,348,0.19
681,0.08,0.6,5.0,0.4,0.3,0.8541007077372855,341,0.19
682,0.08,0.6,5.0,0.4,0.3,0.8531786473087993,340,0.19
683,0.08,0.6,5.0,0.4,0.3,0.8622889910025965,337,0.19
684,0.08,0.6,5.0,0.4,0.3,0.7906286922835045,257,0.19
685,0.08,0.6,5.0,0.4,0.3,0.7902208706411546,255,0.19
686,0.08,0.6,5.0,0.4,0.3,0.8345931462542253,335,0.19
687,0.08,0.6,5.0,0.4,0.3,0.7885328739083436,291,0.19
688,0.08,0.6,5.0,0.4,0.3,0.7692958646716332,338,0.19
689,0.08,0.6,5.0,0.4,0.3,0.8279246896020991,359,0.19
690,0.08,0.6,5.0,0.4,0.3,0.0005366997168186654,76,0.19
691,0.08,0.6,5.0,0.4,0.3,0.7956552631441773,285,0.19
692,0.08,0.6,5.0,0.4,0.3,0.7847118182671936,302,0.19
693,0.08,0.6,5.0,0.4,0.3,0.8298924686480407,330,0.19
694,0.08,0.6,5.0,0.4,0.3,0.8129830920694114,357,0.19
695,0.08,0.6,5.0,0.4,0.3,5.8191985380913175e-06,61,0.19
696,0.08,0.6,5.0,0.4,0.3,1.8136627601472682e-06,58,0.19
697,0.08,0.6,5.0,0.4,0.3,2.0777356985777304e-06,58,0.19
698,0.08,0.6,5.0,0.4,0.3,1.2788155948464144e-06,57,0.19
699,0.08,0.6,5.0,0.4,0.3,0.7802339102098864,280,0.19
700,0.09,0.6,5.0,0.4,0.3,0.00032185177319594326,74,0.26
701,0.09,0.6,5.0,0.4,0.3,8.159138762104159e-06,62,0.26
702,0.09,0.6,5.0,0.4,0.3,0.7526541152782934,330,0.26
703,0.09,0.6,5.0,0.4,0.3,0.8516145776697293,314,0.26
704,0.09,0.6,5.0,0.4,0.3,5.4156244692556135e-05,68,0.26
705,0.09,0.6,5.0,0.4,0.3,0.7886887666703684,285,0.26
706,0.09,0.6,5.0,0.4,0.3,0.7031046613078171,351,0.26
707,0.09,0.6,5.0,0.4,0.3,0.8280343336525912,327,0.26
708,0.09,0.6,5.0,0.4,0.3,0.8557319819825754,338,0.26
709,0.09,0.6,5.0,0.4,0.3,0.8016730129912992,299,0.26
710,0.09,0.6,5.0,0.4,0.3,0.7216466193802211,302,0.26
711,0.09,0.6,5.0,0.4,0.3,0.8505884083047551,314,0.26
712,0.09,0.6,5.0,0.4,0.3,0.7553851000053325,325,0.26
713,0.09,0.6,5.0,0.4,0.3,1.084561382043998e-05,63,0.26
714,0.09,0.6,5.0,0.4,0.3,6.29734345857695e-06,62,0.26
715,0.09,0.6,5.0,0.4,0.3,0.7929749393174386,362,0.26
716,0.09,0.6,5.0,0.4,0.3,0.8433561347472178,317,0.26
717,0.09,0.6,5.0,0.4,0.3,0.8027259703404755,369,0.26
718,0.09,0.6,5.0,0.4,0.3,1.1041796864700291e-06,56,0.26
719,0.09,0.6,5.0,0.4,0.3,5.2762521459805744e-08,47,0.26
720,0.09,0.6,5.0,0.4,0.3,2.980032886407942e-07,53,0.26
721,0.09,0.6,5.0,0.4,0.3,0.8931267736913477,334,0.26
722,0.09,0.6,5.0,0.4,0.3,0.7396067690244902,347,0.26
723,0.09,0.6,5.0,0.4,0.3,0.7427985719163988,335,0.26
724,0.09,0.6,5.0,0.4,0.3,0.8389372665814212,339,0.26
725,0.09,0.6,5.0,0.4,0.3,0.8052834244850652,319,0.26
726,0.09,0.6,5.0,0.4,0.3,0.8749422726918303,350,0.26
727,0.09,0.6,5.0,0.4,0.3,0.7116217234518236,358,0.26
728,0.09,0.6,5.0,0.4,0.3,0.8665227285249835,320,0.26
729,0.09,0.6,5.0,0.4,0.3,0.8790950813142376,337,0.26
730,0.09,0.6,5.0,0.4,0.3,5.738842012945056e-06,61,0.26
731,0.09,0.6,5.0,0.4,0.3,0.8453366013875913,338,0.26
732,0.09,0.6,5.0,0.4,0.3,0.7163166277885009,256,0.26
733,0.09,0.6,5.0,0.4,0.3,0.8132446478259858,335,0.26
734,0.09,0.6,5.0,0.4,0.3,0.748762871132345,347,0.26
735,0.09,0.6,5.0,0.4,0.3,0.0002162547839172465,72,0.26
736,0.09,0.6,5.0,0.4,0.3,2.080536654573959e-05,65,0.26
737,0.09,0.6,5.0,0.4,0.3,0.7652533217892221,358,0.26
738,0.09,0.6,5.0,0.4,0.3,0.847707493853345,333,0.26
739,0.09,0.6,5.0,0.4,0.3,0.7527701869333676,308,0.26
740,0.09,0.6,5.0,0.4,0.3,0.0001265732473593794,70,0.26
741,0.09,0.6,5.0,0.4,0.3,0.8831316250520783,289,0.26
742,0.09,0.6,5.0,0.4,0.3,0.8194041194135302,349,0.26
743,0.09,0.6,5.0,0.4,0.3,0.7400324818798896,323,0.26
744,0.09,0.6,5.0,0.4,0.3,0.5645268707375369,311,0.26
745,0.09,0.6,5.0,0.4,0.3,0.8147410135894937,348,0.26
746,0.09,0.6,5.0,0.4,0.3,0.7977592978929638,288,0.26
747,0.09,0.6,5.0,0.4,0.3,0.7457400775010128,292,0.26
748,0.09,0.6,5.0,0.4,0.3,0.8023721649545948,336,0.26
749,0.09,0.6,5.0,0.4,0.3,0.7562395423050403,338,0.26
750,0.09,0.6,5.0,0.4,0.3,2.2025953581433498e-07,51,0.26
751,0.09,0.6,5.0,0.4,0.3,2.176016002985461e-07,51,0.26
752,0.09,0.6,5.0,0.4,0.3,0.8235771114263986,315,0.26
753,0.09,0.6,5.0,0.4,0.3,0.8043121899673072,342,0.26
754,0.09,0.6,5.0,0.4,0.3,0.6664435963836257,358,0.26
755,0.09,0.6,5.0,0.4,0.3,0.8909297672545581,235,0.26
756,0.09,0.6,5.0,0.4,0.3,0.8468006462969448,350,0.26
757,0.09,0.6,5.0,0.4,0.3,1.5329798556436547e-06,57,0.26
758,0.09,0.6,5.0,0.4,0.3,0.7636581626067832,337,0.26
759,0.09,0.6,5.0,0.4,0.3,0.8576713743238867,359,0.26
760,0.09,0.6,5.0,0.4,0.3,2.6191236372748042e-05,66,0.26
761,0.09,0.6,5.0,0.4,0.3,0.7845775376416053,354,0.26
762,0.09,0.6,5.0,0.4,0.3,0.8658514881624144,336,0.26
763,0.09,0.6,5.0,0.4,0.3,1.2238071287145736e-06,57,0.26
764,0.09,0.6,5.0,0.4,0.3,0.7192101365802647,334,0.26
765,0.09,0.6,5.0,0.4,0.3,0.7595662286764374,340,0.26
766,0.09,0.6,5.0,0.4,0.3,4.4847249701060656e-05,67,0.26
767,0.09,0.6,5.0,0.4,0.3,0.8090306726587616,297,0.26
768,0.09,0.6,5.0,0.4,0.3,0.7450032980407332,346,0.26
769,0.09,0.6,5.0,0.4,0.3,0.8186042077562258,346,0.26
770,0.09,0.6,5.0,0.4,0.3,0.6059043378627816,336,0.26
771,0.09,0.6,5.0,0.4,0.3,0.8359530007655499,264,0.26
772,0.09,0.6,5.0,0.4,0.3,3.870716227330905e-07,53,0.26
773,0.09,0.6,5.0,0.4,0.3,0.8286981261074192,374,0.26
774,0.09,0.6,5.0,0.4,0.3,5.772515101551002e-05,68,0.26
775,0.09,0.6,5.0,0.4,0.3,1.0986623809145138e-06,56,0.26
776,0.09,0.6,5.0,0.4,0.3,0.7354556878988401,322,0.26
777,0.09,0.6,5.0,0.4,0.3,0.7883985764736489,316,0.26
778,0.09,0.6,5.0,0.4,0.3,0.8162104397761036,342,0.26
779,0.09,0.6,5.0,0.4,0.3,0.772156118580069,354,0.26
780,0.09,0.6,5.0,0.4,0.3,0.6490191251218583,359,0.26
781,0.09,0.6,5.0,0.4,0.3,0.7938405665903614,337,0.26
782,0.09,0.6,5.0,0.4,0.3,0.8090850143721335,341,0.26
783,0.09,0.6,5.0,0.4,0.3,0.8900284733523741,364,0.26
784,0.09,0.6,5.0,0.4,0.3,0.8620695060057602,325,0.26
785,0.09,0.6,5.0,0.4,0.3,0.8464684495139828,312,0.26
786,0.09,0.6,5.0,0.4,0.3,0.7412123259897118,353,0.26
787,0.09,0.6,5.0,0.4,0.3,0.6561922750007878,303,0.26
788,0.09,0.6,5.0,0.4,0.3,0.8106916598522091,337,0.26
789,0.09,0.6,5.0,0.4,0.3,1.0975538472729287e-06,56,0.26
790,0.09,0.6,5.0,0.4,0.3,0.6932566182346512,349,0.26
791,0.09,0.6,5.0,0.4,0.3,8.933754042396957e-06,62,0.26
792,0.09,0.6,5.0,0.4,0.3,0.6953128748854535,363,0.26
793,0.09,0.6,5.0,0.4,0.3,6.625171210087861e-06,62,0.26
794,0.09,0.6,5.0,0.4,0.3,0.854438308802312,334,0.26
795,0.09,0.6,5.0,0.4,0.3,0.78525554255698,318,0.26
796,0.09,0.6,5.0,0.4,0.3,0.7733847036982354,319,0.26
797,0.09,0.6,5.0,0.4,0.3,0.7964782515198724,323,0.26
798,0.09,0.6,5.0,0.4,0.3,1.5654300701040598e-06,57,0.26
799,0.09,0.6,5.0,0.4,0.3,3.5796832417438045e-06,60,0.26
800,0.1,0.6,5.0,0.4,0.3,0.8240895264337087,346,0.13
801,0.1,0.6,5.0,0.4,0.3,0.678593424237748,354,0.13
802,0.1,0.6,5.0,0.4,0.3,0.8291455476048483,333,0.13
803,0.1,0.6,5.0,0.4,0.3,0.6847483164648448,354,0.13
804,0.1,0.6,5.0,0.4,0.3,0.000150535657860405,70,0.13
805,0.1,0.6,5.0,0.4,0.3,0.7996483221246737,314,0.13
806,0.1,0.6,5.0,0.4,0.3,0.8303479132864051,341,0.13
807,0.1,0.6,5.0,0.4,0.3,0.8448085275084309,345,0.13
808,0.1,0.6,5.0,0.4,0.3,0.8531505131785235,346,0.13
809,0.1,0.6,5.0,0.4,0.3,0.8123928081873868,259,0.13
810,0.1,0.6,5.0,0.4,0.3,0.8683345764256614,324,0.13
811,0.1,0.6,5.0,0.4,0.3,2.7340453989324187e-06,59,0.13
812,0.1,0.6,5.0,0.4,0.3,0.7975065133466621,337,0.13
813,0.1,0.6,5.0,0.4,0.3,0.8579926788168769,335,0.13
814,0.1,0.6,5.0,0.4,0.3,0.7916442333551716,328,0.13
815,0.1,0.6,5.0,0.4,0.3,0.8496456319688971,311,0.13
816,0.1,0.6,5.0,0.4,0.3,0.8590675601380168,358,0.13
817,0.1,0.6,5.0,0.4,0.3,3.623860584188157e-06,59,0.13
818,0.1,0.6,5.0,0.4,0.3,0.8736070351694952,354,0.13
819,0.1,0.6,5.0,0.4,0.3,0.8132719822716814,306,0.13
820,0.1,0.6,5.0,0.4,0.3,0.7719025385415393,351,0.13
821,0.1,0.6,5.0,0.4,0.3,0.8472118982266447,288,0.13
822,0.1,0.6,5.0,0.4,0.3,0.664813051775298,347,0.13
823,0.1,0.6,5.0,0.4,0.3,2.493460623776775e-06,58,0.13
824,0.1,0.6,5.0,0.4,0.3,0.8398833273666162,338,0.13
825,0.1,0.6,5.0,0.4,0.3,0.8684156739156925,322,0.13
826,0.1,0.6,5.0,0.4,0.3,0.7919541729073472,303,0.13
827,0.1,0.6,5.0,0.4,0.3,2.9732473072395836e-06,59,0.13
828,0.1,0.6,5.0,0.4,0.3,0.8684732056216038,346,0.13
829,0.1,0.6,5.0,0.4,0.3,3.4325567450656126e-05,66,0.13
830,0.1,0.6,5.0,0.4,0.3,0.7574113664852146,321,0.13
831,0.1,0.6,5.0,0.4,0.3,0.8275439275379264,372,0.13
832,0.1,0.6,5.0,0.4,0.3,0.8816352600426219,363,0.13
833,0.1,0.6,5.0,0.4,0.3,0.7526066587645058,347,0.13
834,0.1,0.6,5.0,0.4,0.3,0.6603692237084751,327,0.13
835,0.1,0.6,5.0,0.4,0.3,0.7603161565413512,334,0.13
836,0.1,0.6,5.0,0.4,0.3,0.7910042853482266,334,0.13
837,0.1,0.6,5.0,0.4,0.3,1.4115128614804087e-05,64,0.13
838,0.1,0.6,5.0,0.4,0.3,0.811719113737494,323,0.13
839,0.1,0.6,5.0,0.4,0.3,0.7994336305857989,371,0.13
840,0.1,0.6,5.0,0.4,0.3,0.8211549488242671,353,0.13
841,0.1,0.6,5.0,0.4,0.3,0.7641211168639808,337,0.13
842,0.1,0.6,5.0,0.4,0.3,0.8587143920878764,320,0.13
843,0.1,0.6,5.0,0.4,0.3,0.8202980280276467,290,0.13
844,0.1,0.6,5.0,0.4,0.3,0.8267823524944619,311,0.13
845,0.1,0.6,5.0,0.4,0.3,0.7849594220657996,327,0.13
846,0.1,0.6,5.0,0.4,0.3,0.872938253574009,356,0.13
847,0.1,0.6,5.0,0.4,0.3,0.785222857529698,348,0.13
848,0.1,0.6,5.0,0.4,0.3,0.8614304289936262,362,0.13
849,0.1,0.6,5.0,0.4,0.3,0.8521874193961931,286,0.13
850,0.1,0.6,5.0,0.4,0.3,0.8225688424062667,317,0.13
851,0.1,0.6,5.0,0.4,0.3,0.7307602802244103,348,0.13
852,0.1,0.6,5.0,0.4,0.3,0.8520277322522837,283,0.13
853,0.1,0.6,5.0,0.4,0.3,0.7377802605104102,274,0.13
854,0.1,0.6,5.0,0.4,0.3,1.4092741201941364e-05,64,0.13
855,0.1,0.6,5.0,0.4,0.3,0.7890296426371206,257,0.13
856,0.1,0.6,5.0,0.4,0.3,0.8107181625476592,375,0.13
857,0.1,0.6,5.0,0.4,0.3,0.8380165782948903,341,0.13
858,0.1,0.6,5.0,0.4,0.3,0.8510314604849569,362,0.13
859,0.1,0.6,5.0,0.4,0.3,0.8284414658948245,334,0.13
860,0.1,0.6,5.0,0.4,0.3,4.503510776131913e-07,53,0.13
861,0.1,0.6,5.0,0.4,0.3,0.8349296367109701,359,0.13
862,0.1,0.6,5.0,0.4,0.3,0.6577762946915976,312,0.13
863,0.1,0.6,5.0,0.4,0.3,0.8379472618750085,322,0.13
864,0.1,0.6,5.0,0.4,0.3,0.8110178213290239,378,0.13
865,0.1,0.6,5.0,0.4,0.3,0.7657169924469721,323,0.13
866,0.1,0.6,5.0,0.4,0.3,0.8436579991777342,303,0.13
867,0.1,0.6,5.0,0.4,0.3,0.8206039810050285,325,0.13
868,0.1,0.6,5.0,0.4,0.3,0.8047064992075957,333,0.13
869,0.1,0.6,5.0,0.4,0.3,0.8538946110569168,370,0.13
870,0.1,0.6,5.0,0.4,0.3,0.7959777024148845,370,0.13
871,0.1,0.6,5.0,0.4,0.3,0.7285698272821495,342,0.13
872,0.1,0.6,5.0,0.4,0.3,3.510824688612699e-06,59,0.13
873,0.1,0.6,5.0,0.4,0.3,0.842906535331209,305,0.13
874,0.1,0.6,5.0,0.4,0.3,0.8709155477719717,313,0.13
875,0.1,0.6,5.0,0.4,0.3,2.633956730024026e-05,65,0.13
876,0.1,0.6,5.0,0.4,0.3,0.8763481334451916,340,0.13
877,0.1,0.6,5.0,0.4,0.3,0.000278463459125931,72,0.13
878,0.1,0.6,5.0,0.4,0.3,0.7302932565325421,330,0.13
879,0.1,0.6,5.0,0.4,0.3,1.6947496912517005e-06,57,0.13
880,0.1,0.6,5.0,0.4,0.3,0.783005918773957,276,0.13
881,0.1,0.6,5.0,0.4,0.3,0.8428690698596439,334,0.13
882,0.1,0.6,5.0,0.4,0.3,0.8532621053568261,351,0.13
883,0.1,0.6,5.0,0.4,0.3,0.8473443627498339,325,0.13
884,0.1,0.6,5.0,0.4,0.3,0.8003288782112272,341,0.13
885,0.1,0.6,5.0,0.4,0.3,0.8299078231320467,369,0.13
886,0.1,0.6,5.0,0.4,0.3,0.864037534150007,282,0.13
887,0.1,0.6,5.0,0.4,0.3,0.8068473821463849,318,0.13
888,0.1,0.6,5.0,0.4,0.3,0.8811191730389697,288,0.13
889,0.1,0.6,5.0,0.4,0.3,0.6306298230249826,362,0.13
890,0.1,0.6,5.0,0.4,0.3,0.7332420375446937,310,0.13
891,0.1,0.6,5.0,0.4,0.3,0.799263485986602,363,0.13
892,0.1,0.6,5.0,0.4,0.3,0.8486902633768503,359,0.13
893,0.1,0.6,5.0,0.4,0.3,0.7991739361978809,332,0.13
894,0.1,0.6,5.0,0.4,0.3,0.747887618689641,332,0.13
895,0.1,0.6,5.0,0.4,0.3,0.6141251700667613,344,0.13
896,0.1,0.6,5.0,0.4,0.3,0.503312344166021,331,0.13
897,0.1,0.6,5.0,0.4,0.3,0.7946750663811712,350,0.13
898,0.1,0.6,5.0,0.4,0.3,0.8088584292740041,350,0.13
899,0.1,0.6,5.0,0.4,0.3,0.8805631820660941,309,0.13
900,0.11,0.6,5.0,0.4,0.3,3.427213683036958e-05,66,0.12
901,0.11,0.6,5.0,0.4,0.3,0.8672221933567758,359,0.12
902,0.11,0.6,5.0,0.4,0.3,0.8821086522938135,360,0.12
903,0.11,0.6,5.0,0.4,0.3,0.7590428952428706,333,0.12
904,0.11,0.6,5.0,0.4,0.3,0.8410875102759533,321,0.12
905,0.11,0.6,5.0,0.4,0.3,0.0002113131610561225,71,0.12
906,0.11,0.6,5.0,0.4,0.3,0.8812846480945684,334,0.12
907,0.11,0.6,5.0,0.4,0.3,0.7861970588083121,336,0.12
908,0.11,0.6,5.0,0.4,0.3,0.7750724929197875,338,0.12
909,0.11,0.6,5.0,0.4,0.3,0.7087072905757357,372,0.12
910,0.11,0.6,5.0,0.4,0.3,0.8470345687931916,298,0.12
911,0.11,0.6,5.0,0.4,0.3,0.7911741485708245,317,0.12
912,0.11,0.6,5.0,0.4,0.3,0.8184164412155432,331,0.12
913,0.11,0.6,5.0,0.4,0.3,0.8541091628790819,332,0.12
914,0.11,0.6,5.0,0.4,0.3,0.8592423560193724,355,0.12
915,0.11,0.6,5.0,0.4,0.3,0.7272797393077626,345,0.12
916,0.11,0.6,5.0,0.4,0.3,0.8111496286229856,334,0.12
917,0.11,0.6,5.0,0.4,0.3,0.8794459160048943,348,0.12
918,0.11,0.6,5.0,0.4,0.3,0.8410379233132822,375,0.12
919,0.11,0.6,5.0,0.4,0.3,0.5929415260505203,338,0.12
920,0.11,0.6,5.0,0.4,0.3,0.8768370155126565,376,0.12
921,0.11,0.6,5.0,0.4,0.3,0.8108906501283377,341,0.12
922,0.11,0.6,5.0,0.4,0.3,0.8121119192066988,345,0.12
923,0.11,0.6,5.0,0.4,0.3,0.8303053222165888,347,0.12
924,0.11,0.6,5.0,0.4,0.3,0.5857184386452272,340,0.12
925,0.11,0.6,5.0,0.4,0.3,0.6761856335091732,320,0.12
926,0.11,0.6,5.0,0.4,0.3,0.8570801175622152,362,0.12
927,0.11,0.6,5.0,0.4,0.3,1.2241646379737946e-05,63,0.12
928,0.11,0.6,5.0,0.4,0.3,0.7567629861817627,364,0.12
929,0.11,0.6,5.0,0.4,0.3,0.8825251886930834,334,0.12
930,0.11,0.6,5.0,0.4,0.3,0.8497541043913993,338,0.12
931,0.11,0.6,5.0,0.4,0.3,1.0966710627467454e-06,55,0.12
932,0.11,0.6,5.0,0.4,0.3,0.869128629554987,343,0.12
933,0.11,0.6,5.0,0.4,0.3,0.8742221357153213,306,0.12
934,0.11,0.6,5.0,0.4,0.3,1.0191565929981966e-06,55,0.12
935,0.11,0.6,5.0,0.4,0.3,0.8546319324703423,341,0.12
936,0.11,0.6,5.0,0.4,0.3,0.8049541612350409,310,0.12
937,0.11,0.6,5.0,0.4,0.3,0.8516374645007411,347,0.12
938,0.11,0.6,5.0,0.4,0.3,0.8403773637300354,308,0.12
939,0.11,0.6,5.0,0.4,0.3,0.8751808182795497,351,0.12
940,0.11,0.6,5.0,0.4,0.3,0.7256350240092221,330,0.12
941,0.11,0.6,5.0,0.4,0.3,0.8876783724502847,350,0.12
942,0.11,0.6,5.0,0.4,0.3,1.9552062186403456e-05,64,0.12
943,0.11,0.6,5.0,0.4,0.3,0.8395665893190979,306,0.12
944,0.11,0.6,5.0,0.4,0.3,0.8295051139621289,298,0.12
945,0.11,0.6,5.0,0.4,0.3,0.7296301975744112,330,0.12
946,0.11,0.6,5.0,0.4,0.3,1.095325868966244e-07,49,0.12
947,0.11,0.6,5.0,0.4,0.3,0.8016361079039771,322,0.12
948,0.11,0.6,5.0,0.4,0.3,0.7608681928902816,363,0.12
949,0.11,0.6,5.0,0.4,0.3,0.8428063488290471,318,0.12
950,0.11,0.6,5.0,0.4,0.3,0.7449823345122999,333,0.12
951,0.11,0.6,5.0,0.4,0.3,0.8765872189946206,320,0.12
952,0.11,0.6,5.0,0.4,0.3,0.824247568782238,363,0.12
953,0.11,0.6,5.0,0.4,0.3,0.8764176186704712,308,0.12
954,0.11,0.6,5.0,0.4,0.3,0.792661023022338,325,0.12
955,0.11,0.6,5.0,0.4,0.3,0.8467881645175191,344,0.12
956,0.11,0.6,5.0,0.4,0.3,0.7251329581670984,331,0.12
957,0.11,0.6,5.0,0.4,0.3,0.8546288611766568,326,0.12
958,0.11,0.6,5.0,0.4,0.3,0.7506213570209246,351,0.12
959,0.11,0.6,5.0,0.4,0.3,4.700062828205992e-06,60,0.12
960,0.11,0.6,5.0,0.4,0.3,0.6536136491081058,314,0.12
961,0.11,0.6,5.0,0.4,0.3,0.88517458367024,314,0.12
962,0.11,0.6,5.0,0.4,0.3,0.7853336058152235,320,0.12
963,0.11,0.6,5.0,0.4,0.3,2.5297927329656173e-08,44,0.12
964,0.11,0.6,5.0,0.4,0.3,0.8620177260350143,334,0.12
965,0.11,0.6,5.0,0.4,0.3,0.7723904534796195,357,0.12
966,0.11,0.6,5.0,0.4,0.3,0.7733951964821253,307,0.12
967,0.11,0.6,5.0,0.4,0.3,0.8480235240104601,309,0.12
968,0.11,0.6,5.0,0.4,0.3,0.8580504921863148,308,0.12
969,0.11,0.6,5.0,0.4,0.3,0.8242312032849397,336,0.12
970,0.11,0.6,5.0,0.4,0.3,0.7974240716315598,371,0.12
971,0.11,0.6,5.0,0.4,0.3,0.8221401683236068,341,0.12
972,0.11,0.6,5.0,0.4,0.3,0.8230087194109602,361,0.12
973,0.11,0.6,5.0,0.4,0.3,0.8450503536518853,363,0.12
974,0.11,0.6,5.0,0.4,0.3,0.8336780626187732,369,0.12
975,0.11,0.6,5.0,0.4,0.3,0.731506436232449,338,0.12
976,0.11,0.6,5.0,0.4,0.3,0.7940203157817183,367,0.12
977,0.11,0.6,5.0,0.4,0.3,0.8611255483484668,342,0.12
978,0.11,0.6,5.0,0.4,0.3,0.8441447068103091,255,0.12
979,0.11,0.6,5.0,0.4,0.3,0.8481340020612964,325,0.12
980,0.11,0.6,5.0,0.4,0.3,0.7273088296405467,337,0.12
981,0.11,0.6,5.0,0.4,0.3,0.8225692735506551,352,0.12
982,0.11,0.6,5.0,0.4,0.3,0.7209140313069012,344,0.12
983,0.11,0.6,5.0,0.4,0.3,0.823730439520077,352,0.12
984,0.11,0.6,5.0,0.4,0.3,0.7985300422605413,366,0.12
985,0.11,0.6,5.0,0.4,0.3,0.8471710523461073,343,0.12
986,0.11,0.6,5.0,0.4,0.3,0.889034055960753,337,0.12
987,0.11,0.6,5.0,0.4,0.3,0.8734339500300567,309,0.12
988,0.11,0.6,5.0,0.4,0.3,0.7454253054928354,303,0.12
989,0.11,0.6,5.0,0.4,0.3,0.8884412027030903,342,0.12
990,0.11,0.6,5.0,0.4,0.3,0.789221409151467,362,0.12
991,0.11,0.6,5.0,0.4,0.3,3.844492222594601e-07,52,0.12
992,0.11,0.6,5.0,0.4,0.3,3.73356183754008e-06,59,0.12
993,0.11,0.6,5.0,0.4,0.3,7.871468197645777e-06,61,0.12
994,0.11,0.6,5.0,0.4,0.3,0.8494533290154656,339,0.12
995,0.11,0.6,5.0,0.4,0.3,0.8338339787479738,348,0.12
996,0.11,0.6,5.0,0.4,0.3,0.788048463726213,363,0.12
997,0.11,0.6,5.0,0.4,0.3,0.8784426700118572,362,0.12
998,0.11,0.6,5.0,0.4,0.3,0.8710063643392225,353,0.12
999,0.11,0.6,5.0,0.4,0.3,0.7862551834733447,324,0.12
1000,0.12,0.6,5.0,0.4,0.3,0.7609417483229813,260,0.14
1001,0.12,0.6,5.0,0.4,0.3,2.2070979462617048e-06,57,0.14
1002,0.12,0.6,5.0,0.4,0.3,0.00012457875294347512,69,0.14
1003,0.12,0.6,5.0,0.4,0.3,3.6731519206516215e-07,52,0.14
1004,0.12,0.6,5.0,0.4,0.3,0.6736871682708526,340,0.14
1005,0.12,0.6,5.0,0.4,0.3,3.595518083183964e-07,52,0.14
1006,0.12,0.6,5.0,0.4,0.3,0.7904112058713335,325,0.14
1007,0.12,0.6,5.0,0.4,0.3,0.8617453213742905,318,0.14
1008,0.12,0.6,5.0,0.4,0.3,0.7349610312104874,317,0.14
1009,0.12,0.6,5.0,0.4,0.3,0.8756480801518445,348,0.14
1010,0.12,0.6,5.0,0.4,0.3,0.7541390551484651,356,0.14
1011,0.12,0.6,5.0,0.4,0.3,0.8009787499873137,361,0.14
1012,0.12,0.6,5.0,0.4,0.3,8.30190729355069e-05,68,0.14
1013,0.12,0.6,5.0,0.4,0.3,0.8436766209481278,304,0.14
1014,0.12,0.6,5.0,0.4,0.3,0.8081891618807875,329,0.14
1015,0.12,0.6,5.0,0.4,0.3,0.8584372233118341,333,0.14
1016,0.12,0.6,5.0,0.4,0.3,1.0335176278883002e-06,55,0.14
1017,0.12,0.6,5.0,0.4,0.3,0.7713947901126222,344,0.14
1018,0.12,0.6,5.0,0.4,0.3,1.011382083142928e-06,55,0.14
1019,0.12,0.6,5.0,0.4,0.3,0.8268327053446466,349,0.14
1020,0.12,0.6,5.0,0.4,0.3,0.8050172777268789,369,0.14
1021,0.12,0.6,5.0,0.4,0.3,3.6997833315857495e-06,59,0.14
1022,0.12,0.6,5.0,0.4,0.3,0.8731315038264784,375,0.14
1023,0.12,0.6,5.0,0.4,0.3,0.8029500203626908,339,0.14
1024,0.12,0.6,5.0,0.4,0.3,0.8736444318624689,224,0.14
1025,0.12,0.6,5.0,0.4,0.3,0.7625920371667092,312,0.14
1026,0.12,0.6,5.0,0.4,0.3,0.7887030331559594,334,0.14
1027,0.12,0.6,5.0,0.4,0.3,0.8059116210892017,334,0.14
1028,0.12,0.6,5.0,0.4,0.3,0.7990735235445242,302,0.14
1029,0.12,0.6,5.0,0.4,0.3,0.8612217179507208,309,0.14
1030,0.12,0.6,5.0,0.4,0.3,0.8597022493205665,332,0.14
1031,0.12,0.6,5.0,0.4,0.3,0.6095399186511471,345,0.14
1032,0.12,0.6,5.0,0.4,0.3,0.7157615334543009,345,0.14
1033,0.12,0.6,5.0,0.4,0.3,0.8652600240241982,347,0.14
1034,0.12,0.6,5.0,0.4,0.3,0.7170305686692907,333,0.14
1035,0.12,0.6,5.0,0.4,0.3,0.8397154236037646,318,0.14
1036,0.12,0.6,5.0,0.4,0.3,0.8415370017933249,349,0.14
1037,0.12,0.6,5.0,0.4,0.3,0.808370623871402,324,0.14
1038,0.12,0.6,5.0,0.4,0.3,0.8142505897498851,222,0.14
1039,0.12,0.6,5.0,0.4,0.3,0.796163251826935,335,0.14
1040,0.12,0.6,5.0,0.4,0.3,0.7972508687979352,338,0.14
1041,0.12,0.6,5.0,0.4,0.3,0.7667568803378553,334,0.14
1042,0.12,0.6,5.0,0.4,0.3,0.7485393698880315,359,0.14
1043,0.12,0.6,5.0,0.4,0.3,0.6729271406829406,325,0.14
1044,0.12,0.6,5.0,0.4,0.3,0.6405864930339306,345,0.14
1045,0.12,0.6,5.0,0.4,0.3,1.3967398021569178e-05,63,0.14
1046,0.12,0.6,5.0,0.4,0.3,0.6603961122235625,350,0.14
1047,0.12,0.6,5.0,0.4,0.3,0.7454500181805346,287,0.14
1048,0.12,0.6,5.0,0.4,0.3,0.8166517220405356,294,0.14
1049,0.12,0.6,5.0,0.4,0.3,0.7949381274134016,351,0.14
1050,0.12,0.6,5.0,0.4,0.3,0.750552851725696,313,0.14
1051,0.12,0.6,5.0,0.4,0.3,0.8111425281751238,361,0.14
1052,0.12,0.6,5.0,0.4,0.3,0.8173673783362778,335,0.14
1053,0.12,0.6,5.0,0.4,0.3,0.7811403308352537,359,0.14
1054,0.12,0.6,5.0,0.4,0.3,0.8608256528011254,329,0.14
1055,0.12,0.6,5.0,0.4,0.3,2.023376871756564e-06,57,0.14
1056,0.12,0.6,5.0,0.4,0.3,0.8469519753740734,359,0.14
1057,0.12,0.6,5.0,0.4,0.3,0.7853746093160606,316,0.14
1058,0.12,0.6,5.0,0.4,0.3,0.7282180829259535,260,0.14
1059,0.12,0.6,5.0,0.4,0.3,0.7046218061762527,323,0.14
1060,0.12,0.6,5.0,0.4,0.3,0.7426927267966004,364,0.14
1061,0.12,0.6,5.0,0.4,0.3,0.7755198927763806,354,0.14
1062,0.12,0.6,5.0,0.4,0.3,0.8652873974255956,300,0.14
1063,0.12,0.6,5.0,0.4,0.3,8.915789210295074e-06,61,0.14
1064,0.12,0.6,5.0,0.4,0.3,0.8824492525938898,350,0.14
1065,0.12,0.6,5.0,0.4,0.3,0.7249922085294063,347,0.14
1066,0.12,0.6,5.0,0.4,0.3,0.7960990955260316,334,0.14
1067,0.12,0.6,5.0,0.4,0.3,0.7979987083309364,343,0.14
1068,0.12,0.6,5.0,0.4,0.3,0.8420649781709119,350,0.14
1069,0.12,0.6,5.0,0.4,0.3,0.7808250019565041,333,0.14
1070,0.12,0.6,5.0,0.4,0.3,0.7980203944002483,319,0.14
1071,0.12,0.6,5.0,0.4,0.3,0.862648151147923,356,0.14
1072,0.12,0.6,5.0,0.4,0.3,0.8078257762770039,351,0.14
1073,0.12,0.6,5.0,0.4,0.3,0.8555438313824109,380,0.14
1074,0.12,0.6,5.0,0.4,0.3,1.0130213580686383e-06,55,0.14
1075,0.12,0.6,5.0,0.4,0.3,0.7951982083372192,336,0.14
1076,0.12,0.6,5.0,0.4,0.3,0.786487883603302,335,0.14
1077,0.12,0.6,5.0,0.4,0.3,0.7522089654235041,344,0.14
1078,0.12,0.6,5.0,0.4,0.3,0.8516786636373546,288,0.14
1079,0.12,0.6,5.0,0.4,0.3,0.8173377752585111,349,0.14
1080,0.12,0.6,5.0,0.4,0.3,0.8507057837367096,376,0.14
1081,0.12,0.6,5.0,0.4,0.3,2.2763011712920847e-06,57,0.14
1082,0.12,0.6,5.0,0.4,0.3,0.7854768052747354,342,0.14
1083,0.12,0.6,5.0,0.4,0.3,0.8087079067906159,338,0.14
1084,0.12,0.6,5.0,0.4,0.3,0.7292615374349859,349,0.14
1085,0.12,0.6,5.0,0.4,0.3,0.8576083670346695,364,0.14
1086,0.12,0.6,5.0,0.4,0.3,0.814395301816848,349,0.14
1087,0.12,0.6,5.0,0.4,0.3,0.8542839861064561,366,0.14
1088,0.12,0.6,5.0,0.4,0.3,0.8321248379128983,352,0.14
1089,0.12,0.6,5.0,0.4,0.3,0.8257892014323335,306,0.14
1090,0.12,0.6,5.0,0.4,0.3,0.7604642819149281,341,0.14
1091,0.12,0.6,5.0,0.4,0.3,0.6686953874949247,345,0.14
1092,0.12,0.6,5.0,0.4,0.3,0.8210418032182766,330,0.14
1093,0.12,0.6,5.0,0.4,0.3,0.8598062539912003,332,0.14
1094,0.12,0.6,5.0,0.4,0.3,0.7193787878506189,349,0.14
1095,0.12,0.6,5.0,0.4,0.3,0.7455695786200595,318,0.14
1096,0.12,0.6,5.0,0.4,0.3,0.799536526991523,350,0.14
1097,0.12,0.6,5.0,0.4,0.3,0.8423453283009443,316,0.14
1098,0.12,0.6,5.0,0.4,0.3,0.7408798054544511,341,0.14
1099,0.12,0.6,5.0,0.4,0.3,0.000279645544055095,73,0.14
