,quit,n_prac,s_final,prac_final
0,0,13517,0.7568539547821935,3000
1,0,13318,0.6656518158127407,3000
2,0,13364,0.7788360049340126,3000
3,0,13480,0.7632379771266736,3000
4,0,13514,0.8395827513722001,3000
5,0,13363,0.7472250372669359,3000
6,0,13413,0.6591680443635879,3000
7,0,13333,0.7931793673239212,3000
8,0,13236,0.6160711393168774,3000
9,0,13323,0.5939703787000795,3000
10,0,13184,0.8332150845013694,3000
11,0,13302,0.7858833219349677,3000
12,0,13135,0.7068137083495782,3000
13,0,13292,0.8287924208457711,3000
14,0,13350,0.7634842102935423,3000
15,0,13243,0.8017901991200918,3000
16,0,13196,0.6675408587127342,3000
17,0,13449,0.8273942193767277,3000
18,0,13488,0.7847549436877963,3000
19,0,13402,0.8253318208054052,3000
20,0,13334,0.7142791137520665,3000
21,0,13336,0.7982356149369246,3000
22,0,13321,0.8481591466828271,3000
23,0,13316,0.8230286553135369,3000
24,0,13182,0.7687678441318376,3000
25,0,13294,0.8044352475557985,3000
26,0,13375,0.7991218562671336,3000
27,0,13066,0.7579090667503708,3000
28,0,13496,0.7756287198756128,3000
29,0,13471,0.689462059450998,3000
30,0,13209,0.7211527600458959,3000
31,0,13293,0.7321165211211453,3000
32,0,13458,0.6818535511626375,3000
33,0,13481,0.7611880176803207,3000
34,0,13131,0.7764785681419547,3000
35,0,13098,0.8419540574951788,3000
36,0,13220,0.714400085895239,3000
37,0,13278,0.8120447066688036,3000
38,0,13414,0.6600842123088174,3000
39,0,13245,0.7967402727230214,3000
40,0,13268,0.7767427278016991,3000
41,0,13536,0.7087330846164409,3000
42,0,13322,0.73536322081702,3000
43,0,13384,0.7807190068112341,3000
44,0,13422,0.8459810635778195,3000
45,0,13273,0.7762252824081232,3000
46,0,13346,0.8320729750971355,3000
47,0,13455,0.8438096643652966,3000
48,0,13380,0.7545194837520381,3000
49,0,13337,0.7982198322311377,3000
50,0,13468,0.8097654561627604,3000
51,0,13463,0.7330874766083021,3000
52,0,13244,0.7449148470322062,3000
53,0,13204,0.8163158149468167,3000
54,0,13402,0.8625508141977197,3000
55,0,13553,0.665827542252771,3000
56,0,13418,0.8984495432341696,3000
57,0,13536,0.8335560954656077,3000
58,0,13142,0.8131558574023824,3000
59,0,13686,0.8612989851402054,3000
60,0,13344,0.7218507352502015,3000
61,0,13354,0.7665750023119191,3000
62,0,13253,0.630928430662864,3000
63,0,13330,0.8853316923037405,3000
64,0,13482,0.7679090323536331,3000
65,0,13413,0.8441322309381446,3000
66,0,13291,0.7594452558475462,3000
67,0,13075,0.7870915836620738,3000
68,0,13366,0.7785991687895045,3000
69,0,13414,0.7652477953041512,3000
70,0,13408,0.7628956924367567,3000
71,0,13653,0.6702517513559115,3000
72,0,13337,0.6904660892327265,3000
73,0,13297,0.6852497019951687,3000
74,0,13140,0.7708463464086016,3000
75,0,13412,0.7118740469968791,3000
76,0,13341,0.757325316742445,3000
77,0,13652,0.898158787732867,3000
78,0,13285,0.8223239569077592,3000
79,0,13366,0.8211407188999708,3000
80,0,13287,0.8427919041470736,3000
81,0,13532,0.7364286568939685,3000
82,0,13505,0.7900390236099266,3000
83,0,13493,0.7484675487395442,3000
84,0,13259,0.6601802035564537,3000
85,0,13527,0.7549292832439719,3000
86,0,13417,0.7854662809707135,3000
87,0,13451,0.829152385499758,3000
88,0,13642,0.7247452512725914,3000
89,0,13229,0.7380485063169474,3000
90,0,13312,0.7521104279926076,3000
91,0,13327,0.8886251711610779,3000
92,0,13482,0.8423040559300744,3000
93,0,13340,0.5333544599622068,3000
94,0,13291,0.7421965178575063,3000
95,0,13478,0.7998694408808011,3000
96,0,13330,0.8349733547914739,3000
97,0,13355,0.6817368065750978,3000
98,0,13241,0.8326199180059569,3000
99,0,13233,0.8251592049441651,3000
100,0,13383,0.6689017631280735,3000
101,0,13641,0.8161085370261294,3000
102,0,13330,0.8622023534871608,3000
103,0,13359,0.8838275371601588,3000
104,0,13442,0.8346115867876707,3000
105,0,13441,0.7447694467182099,3000
106,0,13351,0.8374200338340697,3000
107,0,13131,0.714730537248197,3000
108,0,13382,0.7285617639817196,3000
109,0,13365,0.7220880982557609,3000
110,0,13186,0.8237380971239986,3000
111,0,13123,0.7615668281841321,3000
112,0,13036,0.6661519505382257,3000
113,0,13375,0.7904182172013362,3000
114,0,13228,0.8320174739997244,3000
115,0,13368,0.8258021948232697,3000
116,0,13265,0.7916125561404801,3000
117,0,13513,0.5937770737144127,3000
118,0,13209,0.8324171540207249,3000
119,0,13150,0.7717724950756502,3000
120,0,13312,0.7636212539683792,3000
121,0,13281,0.8451962252679555,3000
122,0,13193,0.8348867909773956,3000
123,0,13142,0.6693770599891699,3000
124,0,13272,0.8157864536723952,3000
125,0,13518,0.8005797519080219,3000
126,0,13346,0.7480630807023282,3000
127,0,13243,0.6788025101141256,3000
128,0,13556,0.7078362612048501,3000
129,0,13264,0.8816175161927241,3000
130,0,13239,0.7805602922441721,3000
131,0,13508,0.814560263968957,3000
132,0,13348,0.8571063088186289,3000
133,0,13425,0.8258376849903948,3000
134,0,13408,0.7423565312880245,3000
135,0,13289,0.8880620158143863,3000
136,0,13256,0.6347043582702753,3000
137,0,13472,0.7956205233501017,3000
138,0,13285,0.7785685893561866,3000
139,0,13280,0.8201289773043624,3000
140,0,13299,0.7992283910388615,3000
141,0,13750,0.8167047796676412,3000
142,0,13246,0.9154426882975747,3000
143,0,13259,0.8849829144193881,3000
144,0,13466,0.7022533569760956,3000
145,0,13285,0.7670982398967686,3000
146,0,13526,0.6844625973604922,3000
147,0,13279,0.7089827715309451,3000
148,0,13407,0.7958927254917614,3000
149,0,13271,0.8494079143091224,3000
150,0,13364,0.6146304864982819,3000
151,0,13352,0.8206807254677975,3000
152,0,13332,0.8646796830417426,3000
153,0,13149,0.7930329255429489,3000
154,0,13518,0.8792095386442756,3000
155,0,13411,0.6396573234794208,3000
156,0,13198,0.8269584075677633,3000
157,0,13165,0.7939157494241265,3000
158,0,13486,0.812482526407215,3000
159,0,13279,0.7986849528706633,3000
160,0,13002,0.7302250127120005,3000
161,0,13386,0.8317463998077214,3000
162,0,13173,0.8298706894695655,3000
163,0,13295,0.7982524771546777,3000
164,0,13395,0.7598819147181266,3000
165,0,13208,0.7682453801248946,3000
166,0,13253,0.7523118224280563,3000
167,0,13323,0.8773903248005642,3000
168,0,13140,0.7062424482322154,3000
169,0,13537,0.7626645160945602,3000
170,0,13334,0.773994249948435,3000
171,0,13255,0.8241805253771544,3000
172,0,13477,0.8013414688758085,3000
173,0,13359,0.7433016057374678,3000
174,0,13253,0.6091464878720196,3000
175,0,13336,0.7489479826893866,3000
176,0,13362,0.8532678448086769,3000
177,0,13065,0.7777600246258741,3000
178,0,13474,0.8459794034010396,3000
179,0,13554,0.7915995491363522,3000
180,0,13560,0.7071594740355576,3000
181,0,13452,0.6286386888159669,3000
182,0,13140,0.7226098775603352,3000
183,0,13326,0.7927234023859674,3000
184,0,13184,0.8510042377192727,3000
185,0,13455,0.8806174293221954,3000
186,0,13519,0.8546850332673365,3000
187,0,13316,0.7557366911735034,3000
188,0,13078,0.9213105388030207,3000
189,0,13453,0.6490144021076769,3000
190,0,13210,0.8052029850945447,3000
191,0,13495,0.7964971411668952,3000
192,0,13510,0.8475681654935431,3000
193,0,13450,0.6951415452861301,3000
194,0,13224,0.7872494987223243,3000
195,0,13194,0.7895465793591097,3000
196,0,13131,0.8422783141152542,3000
197,0,13343,0.7650665939963494,3000
198,0,13281,0.7421701152171295,3000
199,0,13452,0.8160917398089493,3000
200,0,13459,0.688389957486091,3000
201,0,13175,0.8404879974796999,3000
202,0,13483,0.8499388130453356,3000
203,0,13169,0.7828483973484183,3000
204,0,13530,0.8219920900156679,3000
205,0,13357,0.8644662880115477,3000
206,0,13444,0.7535663089993891,3000
207,0,13356,0.7919737391707594,3000
208,0,13328,0.9169451393684475,3000
209,0,13214,0.6186646348962476,3000
210,0,13478,0.7615678195076345,3000
211,0,13268,0.7773302213009113,3000
212,0,13116,0.7834196365248132,3000
213,0,13413,0.8564929418214353,3000
214,0,13139,0.7456238791034735,3000
215,0,13462,0.7513014733931775,3000
216,0,13402,0.731850831197602,3000
217,0,13460,0.9055562365919497,3000
218,0,13224,0.813211966186291,3000
219,0,13446,0.7770942537365193,3000
220,0,13500,0.7588730869832274,3000
221,0,13300,0.7915102136003856,3000
222,0,13464,0.7814646392057077,3000
223,0,13332,0.876287456475084,3000
224,0,13497,0.8111179703343622,3000
225,0,13611,0.7579381420044236,3000
226,0,13369,0.7449437181561829,3000
227,0,13225,0.6570231585940026,3000
228,0,13321,0.6683750259754537,3000
229,0,13336,0.8365403627181625,3000
230,0,13427,0.7880764849693087,3000
231,0,13326,0.8271236112431054,3000
232,0,13532,0.8403004384930024,3000
233,0,13373,0.7720136738059235,3000
234,0,13215,0.8182658123435372,3000
235,0,13313,0.7420534858897734,3000
236,0,13378,0.8365252219675436,3000
237,0,13417,0.7087952654704552,3000
238,0,13449,0.7393064466791278,3000
239,0,13391,0.7971462993862736,3000
240,0,13515,0.837963025777071,3000
241,0,13444,0.6041062416411277,3000
242,0,13608,0.7994220581505023,3000
243,0,13143,0.6987511039050235,3000
244,0,13421,0.8050431571038759,3000
245,0,13517,0.7967146519587858,3000
246,0,13400,0.761825202392267,3000
247,0,13396,0.6695157825396559,3000
248,0,13301,0.6902587457196839,3000
249,0,13299,0.7556832022608597,3000
250,0,13334,0.8014100124706323,3000
251,0,13500,0.8082425522786911,3000
252,0,13377,0.8992125557491585,3000
253,0,13081,0.7916576389991382,3000
254,0,13285,0.7688260245434323,3000
255,0,13511,0.7782472393381479,3000
256,0,13476,0.8498074230092197,3000
257,0,13699,0.7141788282909648,3000
258,0,13250,0.8548066445745791,3000
259,0,13432,0.8461410426653974,3000
260,0,13340,0.7173465125984375,3000
261,0,13307,0.7800440837904906,3000
262,0,13405,0.666255480949754,3000
263,0,13277,0.767812432505227,3000
264,0,13530,0.78022057879506,3000
265,0,13297,0.9057877760054802,3000
266,0,13299,0.6171759002457241,3000
267,0,13331,0.8512722007811412,3000
268,0,13214,0.7187183131396728,3000
269,0,13586,0.8055842699363476,3000
270,0,13203,0.6802766952509379,3000
271,0,13092,0.6949551042695108,3000
272,0,13239,0.7768750897280133,3000
273,0,13208,0.7344939419495792,3000
274,0,13219,0.7994536571774739,3000
275,0,13137,0.8277279376813043,3000
276,0,13311,0.8417604959758858,3000
277,0,13484,0.7841044803321249,3000
278,0,13405,0.8627090529400703,3000
279,0,13322,0.733867821279168,3000
280,0,13402,0.7986762048363745,3000
281,0,13209,0.79022336016601,3000
282,0,13113,0.7567291347616162,3000
283,0,13233,0.8348104131196628,3000
284,0,13543,0.7791179986327932,3000
285,0,13457,0.835249661677742,3000
286,0,13401,0.7523983285735598,3000
287,0,13259,0.7628240990173664,3000
288,0,13252,0.6574871291397341,3000
289,0,13462,0.7915102308038863,3000
290,0,13446,0.7481345413785695,3000
291,0,13242,0.7661308676340213,3000
292,0,13243,0.7409264801770482,3000
293,0,13357,0.7853914419926495,3000
294,0,13421,0.677507598957385,3000
295,0,13521,0.7802521493721349,3000
296,0,13453,0.8237103936461176,3000
297,0,13292,0.8885233325640367,3000
298,0,13237,0.8628945976056455,3000
299,0,13506,0.8150946111475169,3000
300,0,13087,0.754510115725844,3000
301,0,13314,0.8194684402535388,3000
302,0,13399,0.8853082040970702,3000
303,0,13588,0.8176574989942629,3000
304,0,13537,0.8989026574534672,3000
305,0,13339,0.8566773134996426,3000
306,0,13146,0.799680813399652,3000
307,0,13572,0.7812081356574707,3000
308,0,13211,0.8279346972684648,3000
309,0,13254,0.8233790321196338,3000
310,0,13529,0.7401332873232416,3000
311,0,13366,0.7672163425710208,3000
312,0,13338,0.7729919229572187,3000
313,0,13439,0.745921060210296,3000
314,0,13270,0.7801602351008907,3000
315,0,13427,0.590795184482584,3000
316,0,13181,0.8498631322888246,3000
317,0,13254,0.6831569123047592,3000
318,0,13422,0.6771154837531289,3000
319,0,13319,0.825062441598888,3000
320,0,13089,0.8440752148027985,3000
321,0,13257,0.8483982637534918,3000
322,0,13299,0.7530048408979801,3000
323,0,13174,0.750672369960713,3000
324,0,13358,0.7231037726960826,3000
325,0,13353,0.7067242226806155,3000
326,0,13327,0.7838401590144168,3000
327,0,13250,0.7774220152702722,3000
328,0,13286,0.8084886605980773,3000
329,0,13273,0.7378755431778119,3000
330,0,13350,0.786946142531878,3000
331,0,13430,0.7831185852945558,3000
332,0,13274,0.7910920996269076,3000
333,0,13377,0.6117424608848394,3000
334,0,13153,0.7386302220406027,3000
335,0,13451,0.9001741363650659,3000
336,0,13432,0.771676158634975,3000
337,0,13458,0.7846704062934852,3000
338,0,13538,0.8833016854334081,3000
339,0,13547,0.8080720860706628,3000
340,0,13147,0.8154831331440505,3000
341,0,13324,0.8235141082375937,3000
342,0,13227,0.7931561753558618,3000
343,0,13204,0.7857145629490067,3000
344,0,13150,0.8114934072974517,3000
345,0,13310,0.6561925528052717,3000
346,0,13317,0.8389541309054983,3000
347,0,13384,0.7435615199669158,3000
348,0,13360,0.8318608449322964,3000
349,0,13342,0.7819914371868487,3000
350,0,13441,0.7038543086356154,3000
351,0,13406,0.8093228676296993,3000
352,0,13398,0.826365365925288,3000
353,0,13201,0.7609528146693302,3000
354,0,13596,0.765286643643816,3000
355,0,13284,0.808419225034917,3000
356,0,13384,0.7497211446892923,3000
357,0,13341,0.6728396644901089,3000
358,0,13300,0.7662365187000639,3000
359,0,13275,0.8513083040759171,3000
360,0,13338,0.7904542241949952,3000
361,0,13337,0.6809694783017204,3000
362,0,13460,0.7977341892826766,3000
363,0,13392,0.8622155722219097,3000
364,0,13541,0.8624386163145706,3000
365,0,13233,0.7041740467243528,3000
366,0,13257,0.8615525096588822,3000
367,0,13603,0.7431393403770057,3000
368,0,13531,0.7806573765804511,3000
369,0,13321,0.6479464859408318,3000
370,0,13388,0.8217879543671324,3000
371,0,13414,0.834239652472755,3000
372,0,13535,0.7436911278285911,3000
373,0,13302,0.7901457380259086,3000
374,0,13380,0.8513345077181662,3000
375,0,13369,0.793739015955118,3000
376,0,13200,0.7998753599612545,3000
377,0,13245,0.6088910285109573,3000
378,0,13246,0.5751457954983487,3000
379,0,13479,0.778582402085323,3000
380,0,13123,0.7510348723773289,3000
381,0,13466,0.7098371848960816,3000
382,0,13292,0.8132766164616575,3000
383,0,13431,0.7954481521633989,3000
384,0,13532,0.8498314034512832,3000
385,0,13448,0.7790141046271208,3000
386,0,13462,0.7896901332175241,3000
387,0,13284,0.8808664308966597,3000
388,0,13265,0.8056083084732473,3000
389,0,13206,0.8499763402449817,3000
390,0,13585,0.8469836413702151,3000
391,0,13234,0.7133268290044489,3000
392,0,13398,0.777262875465361,3000
393,0,13270,0.6407823063033168,3000
394,0,13393,0.5765171180124861,3000
395,0,13345,0.6220977945419924,3000
396,0,13289,0.8887017487569085,3000
397,0,13211,0.8290227446223276,3000
398,0,13610,0.7699507762941546,3000
399,0,13380,0.8332690034438925,3000
400,0,13225,0.8177988397328236,3000
401,0,13401,0.879644203076647,3000
402,0,13331,0.9017762928835028,3000
403,0,13522,0.7296443782236057,3000
404,0,13526,0.6982801831387492,3000
405,0,13345,0.8187386795138317,3000
406,0,13233,0.776321645529794,3000
407,0,13215,0.8211758269042236,3000
408,0,13322,0.8414954187863305,3000
409,0,13511,0.7463508829151043,3000
410,0,13519,0.722177817407181,3000
411,0,13363,0.8306481162770847,3000
412,0,13189,0.8105270775841016,3000
413,0,13713,0.8374808123144263,3000
414,0,13242,0.825365719349104,3000
415,0,13228,0.8165263292722337,3000
416,0,13356,0.9052380232611665,3000
417,0,13194,0.7961702909769967,3000
418,0,13388,0.7643003150196543,3000
419,0,13258,0.7364505601209298,3000
420,0,13506,0.8338641496219773,3000
421,0,13541,0.8291902128401412,3000
422,0,13259,0.6487906951973381,3000
423,0,13376,0.869630766190323,3000
424,0,13323,0.8542690831424472,3000
425,0,13212,0.8625511955570861,3000
426,0,13517,0.839021604223548,3000
427,0,13530,0.8203388755628426,3000
428,0,13100,0.7326781357692544,3000
429,0,13465,0.7773375071088013,3000
430,0,13327,0.7137530032081103,3000
431,0,13499,0.7401090738298447,3000
432,0,13082,0.793951493646545,3000
433,0,13370,0.7244673727714276,3000
434,0,13094,0.814222905917323,3000
435,0,13443,0.7819767886733442,3000
436,0,13330,0.8493482453864911,3000
437,0,13125,0.8122950321805398,3000
438,0,13204,0.7970405007748219,3000
439,0,13541,0.8576762912278962,3000
440,0,13478,0.8451532166502652,3000
441,0,13298,0.835580025723738,3000
442,0,13494,0.7446638135520778,3000
443,0,13630,0.661437146468021,3000
444,0,13414,0.8902966420260109,3000
445,0,13384,0.8394860072083954,3000
446,0,13332,0.8564646959760696,3000
447,0,13308,0.7337737990671068,3000
448,0,13495,0.743803275199767,3000
449,0,13293,0.8986665322553063,3000
450,0,13286,0.8518050255500246,3000
451,0,13328,0.7128175310667045,3000
452,0,13106,0.7952226580602914,3000
453,0,13318,0.8211352956208712,3000
454,0,13303,0.7201901278705565,3000
455,0,13604,0.872458394636665,3000
456,0,13077,0.827731946502332,3000
457,0,13315,0.8713868150221048,3000
458,0,13478,0.8290514041784216,3000
459,0,13400,0.7323323094919828,3000
460,0,13453,0.6895129403413696,3000
461,0,13446,0.8477878044297175,3000
462,0,13418,0.7994507829947382,3000
463,0,13253,0.7598728648684835,3000
464,0,13144,0.7889990411000001,3000
465,0,13635,0.5590305190398387,3000
466,0,13399,0.7696164572100261,3000
467,0,13179,0.6540005701611078,3000
468,0,13532,0.7927023811124765,3000
469,0,13407,0.7729225127020027,3000
470,0,13327,0.7203915791723688,3000
471,0,13223,0.7298407421760437,3000
472,0,13293,0.8415881038583921,3000
473,0,13468,0.9170475496730648,3000
474,0,13296,0.794405696390397,3000
475,0,13243,0.8172367646267998,3000
476,0,13480,0.7497100488006192,3000
477,0,13206,0.7459358347612111,3000
478,0,13382,0.6950229207448383,3000
479,0,13361,0.8273428833806001,3000
480,0,13464,0.8357945463292473,3000
481,0,13345,0.8684078472157012,3000
482,0,13239,0.8506671016038512,3000
483,0,13252,0.8186402665710469,3000
484,0,13355,0.6696602088333728,3000
485,0,13073,0.8411856885113915,3000
486,0,13464,0.7455634142734855,3000
487,0,13438,0.7862288145226675,3000
488,0,13075,0.8706325908631238,3000
489,0,13354,0.6760297602198662,3000
490,0,13552,0.8495229379966002,3000
491,0,13322,0.7007741736537807,3000
492,0,13105,0.7096535416492218,3000
493,0,13408,0.747850977637659,3000
494,0,13179,0.8211449900118507,3000
495,0,13459,0.7936171788274293,3000
496,0,13377,0.7833419024883579,3000
497,0,13401,0.8172215656467182,3000
498,0,13510,0.8202454755068879,3000
499,0,13325,0.6947215525976707,3000
500,0,13340,0.8621665747694488,3000
501,0,13235,0.8501492146154309,3000
502,0,13491,0.7805097262266051,3000
503,0,13239,0.7823234406475869,3000
504,0,13359,0.7361766994854636,3000
505,0,13382,0.7857657455172613,3000
506,0,13279,0.7722523133655099,3000
507,0,13236,0.7546705082829138,3000
508,0,13241,0.7492488846305712,3000
509,0,13416,0.7372445399455752,3000
510,0,13284,0.6191669409281857,3000
511,0,13180,0.7581376835937039,3000
512,0,13332,0.8051172374484964,3000
513,0,13271,0.7424380134740572,3000
514,0,13237,0.8575634294351799,3000
515,0,13032,0.8124630552194769,3000
516,0,13269,0.7737986439388826,3000
517,0,13163,0.7192605390112419,3000
518,0,13713,0.770201140859104,3000
519,0,13153,0.782600073941165,3000
520,0,13595,0.6956035587492443,3000
521,0,13146,0.8094956404940434,3000
522,0,13512,0.8705311565745321,3000
523,0,13269,0.7580747676017928,3000
524,0,13309,0.827724305054866,3000
525,0,13377,0.6167210784399146,3000
526,0,13290,0.7725650495467863,3000
527,0,13276,0.7330544289013913,3000
528,0,13309,0.8822624106158957,3000
529,0,13333,0.8348011218874063,3000
530,0,13404,0.7588981876863444,3000
531,0,13374,0.7946347332533911,3000
532,0,13381,0.7712111891271711,3000
533,0,13197,0.745531552213198,3000
534,0,13127,0.7151465223632866,3000
535,0,13430,0.7732785235370934,3000
536,0,13386,0.8182642319930019,3000
537,0,13614,0.8236230678452733,3000
538,0,13346,0.7642578976959761,3000
539,0,13338,0.6681189387837251,3000
540,0,13341,0.7766471952567875,3000
541,0,13626,0.7983831281650109,3000
542,0,13273,0.8631846575700731,3000
543,0,13207,0.7273174109743874,3000
544,0,13434,0.8250696582946337,3000
545,0,13293,0.7558757742453867,3000
546,0,13578,0.8356708539278629,3000
547,0,13435,0.7915171722014734,3000
548,0,13184,0.7491823219850442,3000
549,0,13341,0.7185612387473583,3000
550,0,13224,0.8441396669718745,3000
551,0,13050,0.7147552388127195,3000
552,0,13199,0.8014245049683857,3000
553,0,13453,0.7660315883836015,3000
554,0,13161,0.8577627298380888,3000
555,0,13276,0.7650862543116347,3000
556,0,13440,0.7144973687660963,3000
557,0,13313,0.8377865454586204,3000
558,0,13544,0.7771084950817512,3000
559,0,13430,0.7842946763528663,3000
560,0,13064,0.6284350926975307,3000
561,0,13181,0.7857312134919686,3000
562,0,13260,0.7184130187692361,3000
563,0,13505,0.8377463894318385,3000
564,0,13310,0.8754165462129742,3000
565,0,13471,0.7734465985116199,3000
566,0,13248,0.7834078784959494,3000
567,0,13508,0.6593279417640932,3000
568,0,13519,0.8208055942112118,3000
569,0,13436,0.7510195921891472,3000
570,0,13387,0.7765269663775467,3000
571,0,13261,0.7129625987758909,3000
572,0,12971,0.5929784412807342,3000
573,0,13350,0.7674564535458434,3000
574,0,13351,0.9156429834978229,3000
575,0,13551,0.911522553454764,3000
576,0,13474,0.8281084033459155,3000
577,0,13441,0.88720848482015,3000
578,0,13393,0.8399312437670373,3000
579,0,13309,0.8432379401765824,3000
580,0,13386,0.759700840532952,3000
581,0,13259,0.8695377488407419,3000
582,0,13493,0.759935368999824,3000
583,0,13411,0.9095897716509745,3000
584,0,13421,0.8202792751294966,3000
585,0,13355,0.8472323478745887,3000
586,0,13155,0.8155924047637908,3000
587,0,13368,0.7734713226040381,3000
588,0,13447,0.7896325225450269,3000
589,0,13360,0.8083977070019275,3000
590,0,13352,0.6459963389812812,3000
591,0,13127,0.8023692173922079,3000
592,0,13402,0.6686059045187701,3000
593,0,13271,0.7948946157250404,3000
594,0,13393,0.7752292031241556,3000
595,0,13226,0.7955496703242637,3000
596,0,13620,0.7850198805053916,3000
597,0,13453,0.7748530506148125,3000
598,0,13350,0.7756920739150245,3000
599,0,13331,0.7810413425471459,3000
600,0,13427,0.8915650495126763,3000
601,0,13397,0.7791154975865263,3000
602,0,13195,0.7887138111649377,3000
603,0,13407,0.8395767115951281,3000
604,0,13256,0.8165732177463726,3000
605,0,13436,0.8593423732194312,3000
606,0,13251,0.8290601449203149,3000
607,0,13308,0.7827227391403311,3000
608,0,13358,0.6864063018484435,3000
609,0,13404,0.82305718412184,3000
610,0,13417,0.6254047155965179,3000
611,0,13325,0.7325425328054049,3000
612,0,13267,0.701672925140826,3000
613,0,13309,0.7546009543301544,3000
614,0,13271,0.7697612658677796,3000
615,0,13528,0.8130906534235456,3000
616,0,13159,0.7016586935508132,3000
617,0,13485,0.8483013484945743,3000
618,0,13394,0.8086403963853194,3000
619,0,13379,0.8108425752474043,3000
620,0,13356,0.8167358879813489,3000
621,0,13299,0.8781326814111584,3000
622,0,13433,0.8205683547835403,3000
623,0,13370,0.7391302013727777,3000
624,0,13286,0.7519928763298381,3000
625,0,13574,0.718555922257327,3000
626,0,13220,0.8566074167570157,3000
627,0,13419,0.8289536511402852,3000
628,0,13075,0.7787445262446989,3000
629,0,13366,0.8011602404774079,3000
630,0,13050,0.6845956152757056,3000
631,0,13305,0.8542231408423221,3000
632,0,13322,0.7111881908283377,3000
633,0,13328,0.7929238681118994,3000
634,0,13413,0.7069111841269967,3000
635,0,13243,0.7650996558555068,3000
636,0,13551,0.5989676889398595,3000
637,0,13327,0.778578774538107,3000
638,0,13529,0.8305815705477653,3000
639,0,13183,0.7838119326616603,3000
640,0,13312,0.693057170970737,3000
641,0,13414,0.7131828964712023,3000
642,0,13207,0.6587105820838475,3000
643,0,13333,0.7759072947549606,3000
644,0,13437,0.7180676504235022,3000
645,0,13435,0.7308301676109789,3000
646,0,13287,0.8281140254307966,3000
647,0,12974,0.6351763914563997,3000
648,0,13544,0.7833592754981339,3000
649,0,13258,0.7398162390582693,3000
650,0,13302,0.6648151601728257,3000
651,0,13411,0.766980926985765,3000
652,0,13373,0.8093143172243964,3000
653,0,13253,0.8935125304694784,3000
654,0,13485,0.8454376221944526,3000
655,0,13317,0.7051972045617877,3000
656,0,13227,0.8213354045555464,3000
657,0,13493,0.6789376419484229,3000
658,0,13238,0.7420014800713572,3000
659,0,13344,0.8318238212304665,3000
660,0,13315,0.7867768561719618,3000
661,0,13337,0.7907149554042447,3000
662,0,13417,0.7349402809738593,3000
663,0,13349,0.8392549811968821,3000
664,0,13583,0.7951968562579619,3000
665,0,13334,0.8306290721313816,3000
666,0,13366,0.7580029417346713,3000
667,0,13391,0.8455052134385521,3000
668,0,12962,0.7316003626995008,3000
669,0,13227,0.6668306359854533,3000
670,0,13297,0.8007302179633219,3000
671,0,13237,0.7729352631690196,3000
672,0,13200,0.5394802362532437,3000
673,0,13572,0.822284632041539,3000
674,0,13441,0.8487455784367659,3000
675,0,13215,0.8243467257814383,3000
676,0,13252,0.7796637818562336,3000
677,0,13448,0.8737813322364822,3000
678,0,13561,0.7675033946021798,3000
679,0,13378,0.6219255641914363,3000
680,0,13681,0.6251965105268203,3000
681,0,13388,0.6979714861831312,3000
682,0,13191,0.8308694049844858,3000
683,0,13435,0.826442332204474,3000
684,0,13598,0.8157233129549015,3000
685,0,13328,0.7552378485433796,3000
686,0,13325,0.8182093169237622,3000
687,0,13506,0.8529820109330519,3000
688,0,13174,0.744149499083637,3000
689,0,13274,0.6608407015697633,3000
690,0,13447,0.8574277933681324,3000
691,0,13429,0.7034470679870868,3000
692,0,13378,0.790392540102253,3000
693,0,13488,0.7766285630561932,3000
694,0,13347,0.8250202968762524,3000
695,0,13049,0.7448222744542541,3000
696,0,13330,0.6896717423140468,3000
697,0,13228,0.6704986170690248,3000
698,0,13494,0.8650303532584322,3000
699,0,13300,0.7743223115977859,3000
700,0,13449,0.7028155601843377,3000
701,0,13552,0.861255140804191,3000
702,0,13364,0.8067288152727954,3000
703,0,13565,0.6497969717448941,3000
704,0,13135,0.7943074505906191,3000
705,0,13326,0.799259478776121,3000
706,0,13288,0.6920436451654043,3000
707,0,13233,0.881184247822268,3000
708,0,13075,0.7993314409739123,3000
709,0,13576,0.7582432320205824,3000
710,0,13330,0.7676133237989852,3000
711,0,13875,0.7564796388937585,3000
712,0,13500,0.7903570328882628,3000
713,0,13259,0.7884001802494579,3000
714,0,13327,0.671327469314977,3000
715,0,13304,0.8170094279769616,3000
716,0,13365,0.7317547207975283,3000
717,0,13432,0.7355460089398189,3000
718,0,13575,0.7674905230850568,3000
719,0,13547,0.6796335871692932,3000
720,0,13204,0.7720442809446684,3000
721,0,13320,0.7188549580005964,3000
722,0,13294,0.7391003525502238,3000
723,0,13599,0.7769122386374698,3000
724,0,13356,0.7457198584457082,3000
725,0,13380,0.7340392189911622,3000
726,0,13347,0.780120289724077,3000
727,0,13470,0.7313032277115892,3000
728,0,13419,0.7719849663508036,3000
729,0,13450,0.7485646871344156,3000
730,0,13328,0.8268469956643153,3000
731,0,13476,0.828112569926858,3000
732,0,13471,0.7451375663352219,3000
733,0,13564,0.7334976012762334,3000
734,0,13576,0.7783859255693631,3000
735,0,13327,0.8547549277631026,3000
736,0,13197,0.6977616326145993,3000
737,0,13303,0.8023218499604364,3000
738,0,13451,0.7783788330224327,3000
739,0,13542,0.7328083482253682,3000
740,0,13520,0.8143907403068794,3000
741,0,13210,0.7546574686673676,3000
742,0,13310,0.8486048254534726,3000
743,0,13079,0.7974596287420689,3000
744,0,13546,0.7559871186071069,3000
745,0,13438,0.7777230620649408,3000
746,0,13299,0.7999578375371138,3000
747,0,13680,0.8162331318149653,3000
748,0,13351,0.784789562632563,3000
749,0,13185,0.800787918099941,3000
750,0,13183,0.8815866523161155,3000
751,0,13301,0.5572678846225932,3000
752,0,13438,0.8695582112580419,3000
753,0,13245,0.8071341400940092,3000
754,0,13257,0.7651721348943834,3000
755,0,13130,0.8039887828125714,3000
756,0,13464,0.64456062942742,3000
757,0,13522,0.831478315982176,3000
758,0,13494,0.7984278679456199,3000
759,0,13625,0.8443516320017671,3000
760,0,13367,0.796287421290102,3000
761,0,13306,0.8499863101021451,3000
762,0,13341,0.73150545079738,3000
763,0,13478,0.7822882749086637,3000
764,0,13121,0.5693841494247767,3000
765,0,13228,0.6924634423384493,3000
766,0,13255,0.6235227663493429,3000
767,0,13214,0.7506042205813591,3000
768,0,13309,0.7776173496302623,3000
769,0,13158,0.7510994879243306,3000
770,0,13467,0.833659350754934,3000
771,0,13218,0.6728871216285094,3000
772,0,13357,0.7256896041630687,3000
773,0,13229,0.7463753798838151,3000
774,0,13463,0.8642058642775902,3000
775,0,13298,0.8669374088284957,3000
776,0,13383,0.8790039528755552,3000
777,0,13232,0.8059791048473856,3000
778,0,13400,0.7550144950402004,3000
779,0,13475,0.783566138674592,3000
780,0,13350,0.781881478170673,3000
781,0,13094,0.8444712845890165,3000
782,0,13444,0.7924246229321151,3000
783,0,13271,0.8533418759294797,3000
784,0,13436,0.7444517252123378,3000
785,0,13383,0.7835315605967952,3000
786,0,13413,0.7309086317221072,3000
787,0,13320,0.713979293377117,3000
788,0,13327,0.6966692032985764,3000
789,0,13169,0.6750530940575212,3000
790,0,13095,0.8334055378547219,3000
791,0,13559,0.7021827954432713,3000
792,0,13331,0.88577282917677,3000
793,0,13184,0.8128931133903686,3000
794,0,13143,0.7708510536631413,3000
795,0,13194,0.830134880665565,3000
796,0,13296,0.7880506594918802,3000
797,0,13591,0.8768240512917463,3000
798,0,13449,0.8042022753875695,3000
799,0,13326,0.8421443947783268,3000
800,0,13374,0.7825360519472428,3000
801,0,13573,0.7958978985763511,3000
802,0,13339,0.8118809656182936,3000
803,0,13575,0.6569839385460498,3000
804,0,13517,0.8069401647200203,3000
805,0,13318,0.8572955879591037,3000
806,0,13344,0.8328130323159719,3000
807,0,13287,0.646861149106084,3000
808,0,13616,0.7284380793060756,3000
809,0,13645,0.9164358123383235,3000
810,0,13260,0.750785491521315,3000
811,0,13311,0.8274118196198211,3000
812,0,13327,0.844305090229694,3000
813,0,13220,0.6174217653773201,3000
814,0,13303,0.6016888518824076,3000
815,0,13350,0.8320570150476276,3000
816,0,13383,0.8056391821525818,3000
817,0,13320,0.6945932020094773,3000
818,0,13467,0.7353967695536483,3000
819,0,13381,0.8300806121219114,3000
820,0,13348,0.764640020654199,3000
821,0,13314,0.8039007326713238,3000
822,0,13588,0.8248434215099323,3000
823,0,13455,0.8173769547231439,3000
824,0,13145,0.7465545085760912,3000
825,0,13334,0.7241680292036158,3000
826,0,13493,0.8668516863382204,3000
827,0,13300,0.6420189112163899,3000
828,0,13406,0.782659120947346,3000
829,0,13340,0.6799883792815624,3000
830,0,13497,0.6815101601877611,3000
831,0,13436,0.8111249553828901,3000
832,0,13421,0.913969162856202,3000
833,0,13324,0.729530095566775,3000
834,0,13598,0.7761924418296271,3000
835,0,13337,0.8087137386322214,3000
836,0,12944,0.8553476168591692,3000
837,0,13207,0.7327769974905332,3000
838,0,13363,0.8384429354797729,3000
839,0,13313,0.7092777630241704,3000
840,0,13244,0.8248324062752656,3000
841,0,13365,0.7956172732921739,3000
842,0,13371,0.7323181429509819,3000
843,0,13483,0.8716015060061865,3000
844,0,13206,0.7333364212150084,3000
845,0,13486,0.7130845230582535,3000
846,0,13362,0.8135618907196489,3000
847,0,13500,0.8811801823689471,3000
848,0,13516,0.79197064417059,3000
849,0,13387,0.7812622905046676,3000
850,0,13639,0.891011600994424,3000
851,0,13277,0.7757212912815569,3000
852,0,13506,0.8723030072880367,3000
853,0,13311,0.8307914437408813,3000
854,0,13281,0.7773667473677599,3000
855,0,13325,0.8333049230186116,3000
856,0,13391,0.849030352602974,3000
857,0,13140,0.6885976713734007,3000
858,0,13176,0.840623061887748,3000
859,0,13677,0.8081058302833447,3000
860,0,13256,0.7384039316394991,3000
861,0,13229,0.7638341727692678,3000
862,0,13236,0.7628627217731548,3000
863,0,13395,0.9006909045387307,3000
864,0,13195,0.7046788356852531,3000
865,0,13396,0.7617775676959234,3000
866,0,13259,0.839205750119279,3000
867,0,13257,0.8523672384810269,3000
868,0,13159,0.7069327708416614,3000
869,0,13238,0.7861565388374878,3000
870,0,13276,0.6836411783752276,3000
871,0,13353,0.8504602420224299,3000
872,0,13154,0.7609556977862832,3000
873,0,13551,0.8570099352892572,3000
874,0,13497,0.7933895174397058,3000
875,0,13333,0.8298377914689118,3000
876,0,13448,0.8274107732412643,3000
877,0,13360,0.80536719055836,3000
878,0,13724,0.7379565905943195,3000
879,0,13270,0.6988296780402441,3000
880,0,13040,0.7678015844728135,3000
881,0,13502,0.7690932233460325,3000
882,0,13385,0.7592036042113302,3000
883,0,13461,0.6890721002985722,3000
884,0,13184,0.76480695492934,3000
885,0,13345,0.8038415803302275,3000
886,0,13533,0.6757179416401451,3000
887,0,13346,0.7607654702400733,3000
888,0,13209,0.8109567878232768,3000
889,0,13390,0.8307445752301228,3000
890,0,13292,0.7592924624579588,3000
891,0,13571,0.8042241038838778,3000
892,0,13414,0.7630324945861098,3000
893,0,13149,0.7614553568413389,3000
894,0,13343,0.7014227029533836,3000
895,0,13252,0.8755747755397364,3000
896,0,13398,0.8403190523336305,3000
897,0,13401,0.7104368620621117,3000
898,0,13499,0.8072702372992318,3000
899,0,13477,0.6660754620899153,3000
900,0,13273,0.8421916675284122,3000
901,0,13213,0.6782480595908275,3000
902,0,13235,0.7796050267950335,3000
903,0,13501,0.7443974312638852,3000
904,0,13359,0.7926878923153713,3000
905,0,13318,0.7175298316606946,3000
906,0,13295,0.6731552897685664,3000
907,0,13504,0.7598945828639225,3000
908,0,13534,0.7572588383506531,3000
909,0,13143,0.7619399949586724,3000
910,0,13586,0.6847688361935049,3000
911,0,13374,0.8110162530227552,3000
912,0,13353,0.760638427470753,3000
913,0,13232,0.6819751238924212,3000
914,0,13466,0.8191545315213221,3000
915,0,13336,0.7563768075886284,3000
916,0,13215,0.7133057277619417,3000
917,0,13465,0.880296617663148,3000
918,0,13396,0.6514316670439183,3000
919,0,13298,0.641788000735866,3000
920,0,13492,0.837588933026102,3000
921,0,13483,0.8478269291741394,3000
922,0,13577,0.8712747658955712,3000
923,0,13671,0.7838412659720766,3000
924,0,13548,0.7748544106718022,3000
925,0,13355,0.776222397305612,3000
926,0,13419,0.8617141279209315,3000
927,0,13369,0.8291145877974139,3000
928,0,13493,0.8059468872211667,3000
929,0,13390,0.8909977514219483,3000
930,0,13496,0.8585370295349025,3000
931,0,13289,0.7391049388871448,3000
932,0,13211,0.7705111969126955,3000
933,0,13320,0.7807493353439743,3000
934,0,13311,0.8217037177894626,3000
935,0,13730,0.7214356055893443,3000
936,0,13127,0.7994327668809902,3000
937,0,13642,0.8138136044646154,3000
938,0,13128,0.6582339400834051,3000
939,0,13483,0.8460102501960779,3000
940,0,13571,0.6290642765626229,3000
941,0,13564,0.8197611798462037,3000
942,0,13396,0.8195908689674355,3000
943,0,13391,0.8626838658982051,3000
944,0,13095,0.8308323617596515,3000
945,0,13384,0.7650928837959327,3000
946,0,13294,0.8383586402170471,3000
947,0,13572,0.8806804623895368,3000
948,0,13182,0.7914824148582492,3000
949,0,13401,0.8614083231886542,3000
950,0,13297,0.9104267601361422,3000
951,0,13267,0.8283982128725607,3000
952,0,13421,0.7454070221319913,3000
953,0,13522,0.7554204554069684,3000
954,0,13482,0.6834002777183794,3000
955,0,13419,0.8090303147827844,3000
956,0,13400,0.7589221831631306,3000
957,0,13476,0.8224785217227849,3000
958,0,13183,0.8699222407736175,3000
959,0,13270,0.7054375717189091,3000
960,0,13399,0.6762528215729328,3000
961,0,13293,0.8111979461746318,3000
962,0,13260,0.8756809337251024,3000
963,0,13332,0.8058607708790426,3000
964,0,13462,0.6824467853420616,3000
965,0,13406,0.752984943109372,3000
966,0,13508,0.8344324079354801,3000
967,0,13220,0.7519317151104988,3000
968,0,13297,0.7710250383879326,3000
969,0,13401,0.7697332311131398,3000
970,0,13256,0.708307527773889,3000
971,0,13220,0.8845764712421288,3000
972,0,13429,0.7642060665646178,3000
973,0,13351,0.7844642961775201,3000
974,0,13208,0.8646664097516147,3000
975,0,13459,0.8389016412773028,3000
976,0,13383,0.7858045857927918,3000
977,0,13469,0.7170951604419018,3000
978,0,13318,0.6818980250334296,3000
979,0,13280,0.7239378209061231,3000
980,0,13464,0.7921096981866376,3000
981,0,13320,0.808326969359672,3000
982,0,13319,0.738538473555217,3000
983,0,13346,0.7644218059482124,3000
984,0,13516,0.8320033860486572,3000
985,0,13293,0.7770485638647293,3000
986,0,13253,0.7617407317344272,3000
987,0,13462,0.7891811850662536,3000
988,0,13523,0.8540507612263669,3000
989,0,13248,0.6956872233393419,3000
990,0,13576,0.8147201489862459,3000
991,0,13665,0.6651629486237837,3000
992,0,13268,0.7630324267042914,3000
993,0,13475,0.8727010222920698,3000
994,0,13394,0.8521636140875719,3000
995,0,13104,0.6905831817587199,3000
996,0,13394,0.7183937364321472,3000
997,0,13224,0.8358865949983219,3000
998,0,13486,0.8622951798236261,3000
999,0,13296,0.7485778953117416,3000
1000,0,13498,0.7815217819812852,3000
1001,0,13330,0.6539182745409433,3000
1002,0,13363,0.8469053322217264,3000
1003,0,13290,0.8991353730578183,3000
1004,0,13182,0.6745784327182021,3000
1005,0,13497,0.6582742573344301,3000
1006,0,13331,0.8186398178104178,3000
1007,0,13302,0.8175771521464777,3000
1008,0,13301,0.6256194592912181,3000
1009,0,13257,0.8007079084189295,3000
1010,0,13457,0.8668892060432367,3000
1011,0,13320,0.8633379184518897,3000
1012,0,13443,0.8143325237064909,3000
1013,0,13274,0.7100703787969872,3000
1014,0,13286,0.5378740940654999,3000
1015,0,13144,0.7272583260214152,3000
1016,0,13634,0.7812734069332744,3000
1017,0,13513,0.7101071230355054,3000
1018,0,13504,0.7637423672893524,3000
1019,0,13264,0.821578543610878,3000
1020,0,13314,0.8300072168929756,3000
1021,0,13369,0.7516619307635986,3000
1022,0,13486,0.7929816031521738,3000
1023,0,13387,0.6847728439349953,3000
1024,0,13582,0.727511706708991,3000
1025,0,13169,0.8297610271210355,3000
1026,0,13574,0.7455110501461588,3000
1027,0,13399,0.8082738426804794,3000
1028,0,13184,0.7614837127328232,3000
1029,0,13391,0.8604169270619859,3000
1030,0,13609,0.7809784938327105,3000
1031,0,13476,0.7968618829985897,3000
1032,0,13539,0.7951650065137041,3000
1033,0,13456,0.8865506904749773,3000
1034,0,13498,0.7691180402389299,3000
1035,0,13209,0.7666656753588567,3000
1036,0,13367,0.8316876036935182,3000
1037,0,13159,0.7925799975985198,3000
1038,0,13419,0.7409870286337112,3000
1039,0,13416,0.717074754860692,3000
1040,0,13348,0.7865677963971224,3000
1041,0,13178,0.9065453175337403,3000
1042,0,13356,0.8179417384548288,3000
1043,0,13269,0.6355034734137482,3000
1044,0,13303,0.8101798230798324,3000
1045,0,13342,0.7512754581415929,3000
1046,0,13490,0.8556834765981032,3000
1047,0,13384,0.7173535028520364,3000
1048,0,13713,0.7107754630391508,3000
1049,0,13335,0.8835380020684932,3000
1050,0,13217,0.828409165864601,3000
1051,0,13417,0.8009157562402862,3000
1052,0,13284,0.7567746808523171,3000
1053,0,13367,0.7611676819837596,3000
1054,0,13418,0.6747825386429345,3000
1055,0,13453,0.8459411576658582,3000
1056,0,13626,0.7995474272172469,3000
1057,0,13397,0.7229405326208066,3000
1058,0,13279,0.7616723076540884,3000
1059,0,13173,0.6005399341848864,3000
1060,0,13222,0.7773741076511681,3000
1061,0,13342,0.7789691183243526,3000
1062,0,13182,0.6371236915248744,3000
1063,0,13637,0.8057272477214273,3000
1064,0,13272,0.6676383677630601,3000
1065,0,13441,0.7995754899326789,3000
1066,0,13450,0.696132711009951,3000
1067,0,13345,0.7144668928368212,3000
1068,0,13422,0.667052500474909,3000
1069,0,13251,0.7694636916290649,3000
1070,0,13333,0.7958082398965545,3000
1071,0,13419,0.6302464707070167,3000
1072,0,13314,0.7448862784939898,3000
1073,0,13471,0.710829273781828,3000
1074,0,13501,0.806470799390297,3000
1075,0,13435,0.794543572976806,3000
1076,0,13632,0.6216421902259918,3000
1077,0,13378,0.8180476298167364,3000
1078,0,12962,0.7669990623426293,3000
1079,0,13258,0.8143293159190793,3000
1080,0,13328,0.806252528107023,3000
1081,0,13463,0.8263993447375437,3000
1082,0,13276,0.7301349008949238,3000
1083,0,13449,0.8284109923547156,3000
1084,0,13160,0.7304447598591715,3000
1085,0,13336,0.6987740586631325,3000
1086,0,13371,0.8729987998874892,3000
1087,0,13409,0.6283695799091386,3000
1088,0,13518,0.74949208550623,3000
1089,0,13331,0.6794600605484415,3000
1090,0,13132,0.7787303134017504,3000
1091,0,12964,0.6506438452594717,3000
1092,0,13388,0.7998761660810264,3000
1093,0,13359,0.5684528463148516,3000
1094,0,13194,0.7562273581047338,3000
1095,0,13323,0.7916658290266736,3000
1096,0,13519,0.8237067818953732,3000
1097,0,13300,0.6809983062792805,3000
1098,0,13324,0.7621363739938886,3000
1099,0,13165,0.8526281436189135,3000
1100,0,13402,0.8682719148643664,3000
1101,0,13283,0.7128072580515828,3000
1102,0,13520,0.8638465332818694,3000
1103,0,13128,0.7765263496772775,3000
1104,0,13405,0.7751868821314277,3000
1105,0,13596,0.6408625427543951,3000
1106,0,13322,0.6780768692952072,3000
1107,0,13339,0.8302581926193014,3000
1108,0,13405,0.5714230642854006,3000
1109,0,13393,0.775163149572517,3000
1110,0,13310,0.7557653516423622,3000
1111,0,13510,0.8938714607515916,3000
1112,0,13399,0.8621794875742428,3000
1113,0,13389,0.7974585576718103,3000
1114,0,13531,0.6698041123189027,3000
1115,0,13306,0.7017646151540815,3000
1116,0,13563,0.8270475762582621,3000
1117,0,13443,0.7711308751625938,3000
1118,0,13246,0.7626846597756042,3000
1119,0,13467,0.6963398044287362,3000
1120,0,13229,0.7747364723519609,3000
1121,0,13013,0.8888340264968971,3000
1122,0,13363,0.8149232546806526,3000
1123,0,13093,0.8195595884463023,3000
1124,0,13312,0.7263039471191394,3000
1125,0,13444,0.8191242382729979,3000
1126,0,13364,0.732792155278762,3000
1127,0,13348,0.7258754789427657,3000
1128,0,13166,0.7070035993810893,3000
1129,0,13319,0.8080358294272568,3000
1130,0,13443,0.8689922008358107,3000
1131,0,13333,0.7149210912566419,3000
1132,0,13060,0.8074773176415361,3000
1133,0,13307,0.895564176166206,3000
1134,0,13170,0.7371196885553568,3000
1135,0,13389,0.7599896637060808,3000
1136,0,13390,0.7550788130099592,3000
1137,0,13370,0.8686227636967497,3000
1138,0,13344,0.8573766945204122,3000
1139,0,13477,0.6884526524701512,3000
1140,0,13338,0.8121914299303918,3000
1141,0,13425,0.7614593362334631,3000
1142,0,13405,0.6318927112824306,3000
1143,0,13320,0.798874168909853,3000
1144,0,13295,0.7877892834690524,3000
1145,0,13454,0.7687629853541248,3000
1146,0,13347,0.8389794836322741,3000
1147,0,13430,0.7308984335961592,3000
1148,0,13427,0.7827584672316613,3000
1149,0,13399,0.6111272005021776,3000
1150,0,13548,0.8241405378467039,3000
1151,0,13348,0.7977136883312821,3000
1152,0,13341,0.6708790735931548,3000
1153,0,13437,0.7438101326788751,3000
1154,0,13218,0.7787396446498568,3000
1155,0,13392,0.8217806348547915,3000
1156,0,13353,0.8384274668121633,3000
1157,0,13249,0.8745027694909047,3000
1158,0,13353,0.7972937260474232,3000
1159,0,13343,0.6855758481061718,3000
1160,0,13333,0.7858680052218747,3000
1161,0,13383,0.7895624223818088,3000
1162,0,13367,0.8715239397259095,3000
1163,0,13227,0.8416562797893457,3000
1164,0,13216,0.6775658205421914,3000
1165,0,13269,0.7108134593411277,3000
1166,0,13273,0.7799729526942878,3000
1167,0,13271,0.6611940265618493,3000
1168,0,13673,0.8774861748038243,3000
1169,0,13306,0.7809994357111253,3000
1170,0,13256,0.819721161799166,3000
1171,0,13161,0.8091442412282008,3000
1172,0,13401,0.8317849145250037,3000
1173,0,13360,0.7962065039035598,3000
1174,0,13380,0.7111126201770315,3000
1175,0,13172,0.7909424009966652,3000
1176,0,13136,0.8294899302183497,3000
1177,0,13441,0.7754673450379558,3000
1178,0,13246,0.8316549464307875,3000
1179,0,13223,0.6560659331676194,3000
1180,0,13295,0.8391800107021875,3000
1181,0,13244,0.7617981613709357,3000
1182,0,13420,0.8354754424240651,3000
1183,0,13320,0.8069039488666618,3000
1184,0,13426,0.7529227368211954,3000
1185,0,13295,0.7280555766403987,3000
1186,0,13341,0.802531550689642,3000
1187,0,13345,0.8222211024850977,3000
1188,0,13203,0.7989164815339751,3000
1189,0,13336,0.887684961865516,3000
1190,0,13431,0.848872373755659,3000
1191,0,13466,0.7916621398299867,3000
1192,0,13486,0.6395305526768039,3000
1193,0,13389,0.7775923117669177,3000
1194,0,13322,0.6980743795144512,3000
1195,0,13399,0.7706752028700872,3000
1196,0,13425,0.7079929697228587,3000
1197,0,13278,0.8141555792932569,3000
1198,0,13337,0.8288418745996926,3000
1199,0,13317,0.8354669688235308,3000
1200,0,13200,0.8189240965127091,3000
1201,0,13199,0.7428386175219139,3000
1202,0,13401,0.8346111022060135,3000
1203,0,13123,0.7703625124719242,3000
1204,0,13258,0.7365762400599979,3000
1205,0,13414,0.7768905786453921,3000
1206,0,13293,0.7203113877894852,3000
1207,0,13337,0.6582855003682526,3000
1208,0,13473,0.8894468098889229,3000
1209,0,13370,0.7159462354282744,3000
1210,0,13485,0.6144312314984672,3000
1211,0,13474,0.7989690242868815,3000
1212,0,13537,0.7980570298595295,3000
1213,0,13414,0.7811338976746076,3000
1214,0,13504,0.776790697532037,3000
1215,0,13565,0.6942847483285168,3000
1216,0,13462,0.8147674787496098,3000
1217,0,13433,0.90277346263466,3000
1218,0,13549,0.8433305123856669,3000
1219,0,13199,0.8216482397359782,3000
1220,0,13375,0.4854532735259906,3000
1221,0,13456,0.7670345682517905,3000
1222,0,13487,0.7258644029084393,3000
1223,0,13388,0.664610696564279,3000
1224,0,13186,0.8170333748216296,3000
1225,0,13500,0.7544596845665271,3000
1226,0,13199,0.7571796845180593,3000
1227,0,13418,0.8593145756993574,3000
1228,0,13368,0.7115868868629012,3000
1229,0,13308,0.8352754890353543,3000
1230,0,13411,0.6328763616647526,3000
1231,0,13447,0.7660062756249165,3000
1232,0,13436,0.8625013978471762,3000
1233,0,13322,0.8314493250535255,3000
1234,0,13364,0.8920783476660863,3000
1235,0,13079,0.8064682474677073,3000
1236,0,13376,0.8315623568698014,3000
1237,0,13247,0.8120385522863344,3000
1238,0,13500,0.7805154250443501,3000
1239,0,13369,0.7549753054819961,3000
1240,0,13393,0.7644799166062415,3000
1241,0,13274,0.7654727734428932,3000
1242,0,13275,0.7055559701378206,3000
1243,0,13323,0.8058518025701854,3000
1244,0,13328,0.7786617684518017,3000
1245,0,13485,0.7984303143004369,3000
1246,0,13593,0.8233214733050328,3000
1247,0,13415,0.8171570483716486,3000
1248,0,13401,0.7992390047838882,3000
1249,0,13492,0.7455586649989915,3000
1250,0,13317,0.6401020086143319,3000
1251,0,13281,0.7306321314904414,3000
1252,0,13457,0.8243306675123084,3000
1253,0,13255,0.7647502056272705,3000
1254,0,13374,0.8136994787312747,3000
1255,0,13458,0.640580277761215,3000
1256,0,13036,0.823970902724891,3000
1257,0,13526,0.728445926813897,3000
1258,0,13510,0.7975351609131477,3000
1259,0,13325,0.8292139089977987,3000
1260,0,13345,0.7668163835339719,3000
1261,0,13293,0.753937461795264,3000
1262,0,13391,0.7648745146221647,3000
1263,0,13249,0.6657542616743507,3000
1264,0,13380,0.6984059569132982,3000
1265,0,13603,0.8563453258285187,3000
1266,0,13358,0.8286036383448966,3000
1267,0,13216,0.8279799734218513,3000
1268,0,13298,0.8917100523506318,3000
1269,0,13323,0.8646824720359291,3000
1270,0,13205,0.8302190026952686,3000
1271,0,13162,0.7722321405868362,3000
1272,0,13386,0.8777266722149764,3000
1273,0,13383,0.7293068950196847,3000
1274,0,13342,0.8425629511268579,3000
1275,0,13420,0.714811682690181,3000
1276,0,13194,0.7821712577030747,3000
1277,0,13508,0.7013006801791976,3000
1278,0,13382,0.7959235359274669,3000
1279,0,13175,0.7496288736369108,3000
1280,0,13423,0.8082446031282393,3000
1281,0,13216,0.7376581206765422,3000
1282,0,13406,0.8404021035014059,3000
1283,0,13254,0.8098569414050917,3000
1284,0,13317,0.7774203974627614,3000
1285,0,13466,0.8240521688160208,3000
1286,0,13558,0.7474105406170818,3000
1287,0,13369,0.8862643559352926,3000
1288,0,13536,0.5997397702441544,3000
1289,0,13327,0.7532294888417663,3000
1290,0,13451,0.8004297883487148,3000
1291,0,13736,0.6999287819654543,3000
1292,0,13339,0.7112566483364738,3000
1293,0,13235,0.7254826683667318,3000
1294,0,13254,0.7498941362719347,3000
1295,0,13400,0.828475339186959,3000
1296,0,13225,0.6039291837790253,3000
1297,0,13352,0.8740420155104465,3000
1298,0,13204,0.6067984765371829,3000
1299,0,13478,0.7050974233571815,3000
1300,0,13530,0.7359570631157696,3000
1301,0,13278,0.9014193005753158,3000
1302,0,13458,0.7261860680371967,3000
1303,0,13172,0.8404617790792924,3000
1304,0,13375,0.8396610448990742,3000
1305,0,13513,0.759393243970882,3000
1306,0,13334,0.8287926753076427,3000
1307,0,13409,0.8548279169503731,3000
1308,0,13182,0.8195978543877526,3000
1309,0,13365,0.8833551065025657,3000
1310,0,13284,0.7737974923269795,3000
1311,0,13451,0.8437221785092696,3000
1312,0,13399,0.8816429394099505,3000
1313,0,13458,0.8165153132710716,3000
1314,0,13407,0.8487395302447135,3000
1315,0,13149,0.7862105376657451,3000
1316,0,13348,0.6476262806310359,3000
1317,0,13371,0.8884201860562412,3000
1318,0,13437,0.8436610429900807,3000
1319,0,13244,0.7234377175689912,3000
1320,0,13342,0.8495907428992426,3000
1321,0,13300,0.6922577494355507,3000
1322,0,13266,0.8972270436317611,3000
1323,0,13327,0.6993657599090823,3000
1324,0,13518,0.8457892605940427,3000
1325,0,13161,0.8536280448535164,3000
1326,0,13144,0.6090479580916375,3000
1327,0,13344,0.7729890975457554,3000
1328,0,13584,0.7416346054927601,3000
1329,0,13326,0.8783687079197476,3000
1330,0,13475,0.7227560310056013,3000
1331,0,13336,0.8191704110226539,3000
1332,0,13289,0.8401673201785537,3000
1333,0,13388,0.7275393831709632,3000
1334,0,13288,0.6135851569031797,3000
1335,0,13412,0.7463901269588112,3000
1336,0,13468,0.690441687738605,3000
1337,0,13172,0.7958100047346621,3000
1338,0,13223,0.8527709608580095,3000
1339,0,13213,0.8320805358605191,3000
1340,0,13408,0.6790275870598456,3000
1341,0,13349,0.7841200112047993,3000
1342,0,13087,0.7621287377812707,3000
1343,0,13492,0.8523315989392739,3000
1344,0,13359,0.8630262961575551,3000
1345,0,13304,0.637563241302634,3000
1346,0,13475,0.8853129291883991,3000
1347,0,13400,0.8472831077772802,3000
1348,0,13326,0.8080792073933125,3000
1349,0,13303,0.8282832785441753,3000
1350,0,13472,0.9178316728931474,3000
1351,0,13465,0.889364461804548,3000
1352,0,13269,0.7629170973769381,3000
1353,0,13224,0.810734017447741,3000
1354,0,13655,0.7793368703127665,3000
1355,0,13315,0.8293870019970129,3000
1356,0,13410,0.7333842120968302,3000
1357,0,13276,0.7472966353988415,3000
1358,0,13333,0.7401438191566035,3000
1359,0,13393,0.8605398871602482,3000
1360,0,13113,0.7378265600439184,3000
1361,0,13154,0.712326687760836,3000
1362,0,13334,0.7273415422541244,3000
1363,0,13417,0.8400189936743796,3000
1364,0,13252,0.8313891284341125,3000
1365,0,13245,0.7986367530524765,3000
1366,0,13410,0.7793844275453691,3000
1367,0,13412,0.6947379387269852,3000
1368,0,13530,0.837908348265132,3000
1369,0,13346,0.773797442006778,3000
1370,0,13236,0.865948341446537,3000
1371,0,13529,0.802507953812428,3000
1372,0,13189,0.7791561031883076,3000
1373,0,13332,0.6924171056118394,3000
1374,0,13416,0.8830278413615504,3000
1375,0,13322,0.7136121431118975,3000
1376,0,13332,0.7737655111152566,3000
1377,0,13307,0.7909315678147334,3000
1378,0,13292,0.8297095426427072,3000
1379,0,13306,0.7618486489730577,3000
1380,0,13432,0.7832743189956902,3000
1381,0,13304,0.753231504324464,3000
1382,0,13307,0.5595907929535225,3000
1383,0,13606,0.8588828845059359,3000
1384,0,13267,0.7780990433772836,3000
1385,0,13444,0.8520796141768765,3000
1386,0,13445,0.7630951283925093,3000
1387,0,13314,0.7768033636255269,3000
1388,0,13455,0.8305977382734575,3000
1389,0,13225,0.7982128415841759,3000
1390,0,13489,0.8400428424626755,3000
1391,0,13241,0.8580118973352248,3000
1392,0,13229,0.7876744063565804,3000
1393,0,13375,0.8382434225942855,3000
1394,0,13441,0.7581519160947984,3000
1395,0,13299,0.8602076686111829,3000
1396,0,13387,0.6601616222259594,3000
1397,0,13138,0.8134481372430115,3000
1398,0,13111,0.6750077737538674,3000
1399,0,13604,0.7251427569767115,3000
1400,0,13321,0.760350760522332,3000
1401,0,13151,0.6899808098483746,3000
1402,0,13456,0.7844150729632396,3000
1403,0,13476,0.8795237552327315,3000
1404,0,13179,0.7703889337652008,3000
1405,0,13412,0.73430179875079,3000
1406,0,13497,0.6450320499076079,3000
1407,0,13369,0.7428425171034438,3000
1408,0,13318,0.7615567137092446,3000
1409,0,13529,0.7621045038524609,3000
1410,0,13483,0.7914069273690426,3000
1411,0,13585,0.8140722316438037,3000
1412,0,13167,0.757882625476684,3000
1413,0,13236,0.7535122662764573,3000
1414,0,13162,0.732849910889548,3000
1415,0,13430,0.8329302001456234,3000
1416,0,13491,0.851785664015954,3000
1417,0,13301,0.7740553175770422,3000
1418,0,13267,0.8204937900573739,3000
1419,0,13317,0.7376883827247183,3000
1420,0,13435,0.8245734868228672,3000
1421,0,13243,0.8357916099771615,3000
1422,0,13182,0.8055508398127925,3000
1423,0,13492,0.8526632454136663,3000
1424,0,13167,0.7523076150000719,3000
1425,0,13411,0.7960635821673475,3000
1426,0,13381,0.7852537887406317,3000
1427,0,13306,0.8075643086339123,3000
1428,0,13400,0.7035265380115702,3000
1429,0,13248,0.8193733528187107,3000
1430,0,13398,0.7896650498833321,3000
1431,0,13359,0.6203846697273534,3000
1432,0,13245,0.863015592161704,3000
1433,0,13454,0.6182214258444464,3000
1434,0,13353,0.7799722056158717,3000
1435,0,13354,0.7129646615676937,3000
1436,0,13370,0.7046394721108201,3000
1437,0,13344,0.8475968866679935,3000
1438,0,13544,0.7732258626661093,3000
1439,0,13443,0.8442435274467041,3000
1440,0,13269,0.859982167127098,3000
1441,0,13413,0.7326970749646611,3000
1442,0,13262,0.6517314625967144,3000
1443,0,13397,0.795549907404916,3000
1444,0,13269,0.7705051020462089,3000
1445,0,13428,0.7739711060823514,3000
1446,0,13641,0.883932020972492,3000
1447,0,13307,0.7543168830794834,3000
1448,0,13338,0.8047341568003562,3000
1449,0,13324,0.8354432354943553,3000
1450,0,13525,0.7932910756883373,3000
1451,0,13423,0.631099174811168,3000
1452,0,13361,0.8129716255422118,3000
1453,0,13342,0.8014886488303321,3000
1454,0,13311,0.756534357274259,3000
1455,0,13288,0.7192309597555013,3000
1456,0,13450,0.7444475621101428,3000
1457,0,13434,0.5818696852227757,3000
1458,0,13352,0.8498435461835203,3000
1459,0,13333,0.8353878977516723,3000
1460,0,13473,0.802298358094586,3000
1461,0,13247,0.7800411065942394,3000
1462,0,13367,0.7881207818755065,3000
1463,0,13179,0.8041898574404195,3000
1464,0,13530,0.8671383776614683,3000
1465,0,13449,0.6400571599244526,3000
1466,0,12906,0.7223160902048973,3000
1467,0,13246,0.8507469724599941,3000
1468,0,13579,0.8014219553889144,3000
1469,0,13148,0.6409826019461374,3000
1470,0,13422,0.8352892133330433,3000
1471,0,13361,0.7646659218352282,3000
1472,0,13199,0.8556524143123386,3000
1473,0,13565,0.8640020401769042,3000
1474,0,13375,0.7748190065259164,3000
1475,0,13442,0.8589407254051836,3000
1476,0,13428,0.7287374052317376,3000
1477,0,13386,0.7707182274087444,3000
1478,0,13230,0.7538392813019325,3000
1479,0,13231,0.7360583417388527,3000
1480,0,13225,0.7726620885094424,3000
1481,0,13193,0.8648823622182501,3000
1482,0,13347,0.8429181332224713,3000
1483,0,13318,0.8610170345938578,3000
1484,0,13495,0.688503555249264,3000
1485,0,13459,0.8306096719551829,3000
1486,0,13306,0.8545618440671652,3000
1487,0,13082,0.7421291153972578,3000
1488,0,13616,0.7742755804576739,3000
1489,0,13373,0.6162532933019091,3000
1490,0,13383,0.8374288274386504,3000
1491,0,13346,0.796254227391321,3000
1492,0,13327,0.7199229816796812,3000
1493,0,13402,0.8056713803086806,3000
1494,0,13364,0.5659245912389761,3000
1495,0,13371,0.7390673788952694,3000
1496,0,13470,0.81017581403037,3000
1497,0,13236,0.796861794608453,3000
1498,0,13574,0.6330597383980195,3000
1499,0,13611,0.7865941499276893,3000
1500,0,13375,0.751127269015559,3000
1501,0,13324,0.799488042965412,3000
1502,0,13298,0.7199452498547286,3000
1503,0,13481,0.6853725476263942,3000
1504,0,13422,0.8526051129456129,3000
1505,0,13359,0.8293775576813915,3000
1506,0,13482,0.6597259271498459,3000
1507,0,13245,0.7465489032370987,3000
1508,0,13280,0.7759239920841492,3000
1509,0,13075,0.8814659250730031,3000
1510,0,13349,0.8173885938841795,3000
1511,0,13484,0.6895079793139215,3000
1512,0,13132,0.7494915011627277,3000
1513,0,13485,0.8600993199501904,3000
1514,0,13400,0.8889495561405117,3000
1515,0,13257,0.723781345848597,3000
1516,0,13390,0.8079258901319017,3000
1517,0,13392,0.7918800986709331,3000
1518,0,13268,0.8065903146402182,3000
1519,0,13152,0.8562788369575898,3000
1520,0,13056,0.6186308075156742,3000
1521,0,13144,0.9069761351427273,3000
1522,0,13362,0.7309623298569409,3000
1523,0,13825,0.8547035677663649,3000
1524,0,13500,0.7781920459197229,3000
1525,0,13408,0.8103783588223992,3000
1526,0,13238,0.7433105009903451,3000
1527,0,13424,0.7565027742214843,3000
1528,0,13323,0.8600209910081771,3000
1529,0,13494,0.8818676402424624,3000
1530,0,13162,0.8759796934678306,3000
1531,0,13460,0.862567811314497,3000
1532,0,13425,0.7336091687804147,3000
1533,0,13050,0.6572593375760435,3000
1534,0,13427,0.7675042214680232,3000
1535,0,13418,0.8419777357347282,3000
1536,0,13222,0.658269326829833,3000
1537,0,13751,0.855839079623485,3000
1538,0,13292,0.7185727124090537,3000
1539,0,13283,0.7069802905530557,3000
1540,0,13168,0.8351607536283826,3000
1541,0,13431,0.6840112538634672,3000
1542,0,13497,0.8755760967480993,3000
1543,0,13415,0.8155820351036617,3000
1544,0,13624,0.7244847043788559,3000
1545,0,13321,0.7675439315971205,3000
1546,0,13306,0.8761426131462577,3000
1547,0,13598,0.8616920896923861,3000
1548,0,13413,0.76585411432844,3000
1549,0,13535,0.8264139414557197,3000
1550,0,13448,0.8218093124227284,3000
1551,0,13244,0.8023762014606299,3000
1552,0,13367,0.7829372643761767,3000
1553,0,13280,0.8407223031965672,3000
1554,0,13325,0.7776568676763346,3000
1555,0,13413,0.8843919559622,3000
1556,0,13236,0.7609432248403872,3000
1557,0,13255,0.6889881915014995,3000
1558,0,13382,0.6478365452383907,3000
1559,0,13520,0.8146343426256786,3000
1560,0,13415,0.8907956816905147,3000
1561,0,13614,0.771123809306027,3000
1562,0,13234,0.8197052536712804,3000
1563,0,13179,0.6809107396428994,3000
1564,0,13364,0.7449632688304455,3000
1565,0,13322,0.7107872498220341,3000
1566,0,13466,0.8389741498100787,3000
1567,0,13248,0.6187531852301718,3000
1568,0,13339,0.7771492300670213,3000
1569,0,13213,0.6479064739210366,3000
1570,0,13409,0.8337053406224584,3000
1571,0,13209,0.844071794736503,3000
1572,0,13386,0.8265386594927188,3000
1573,0,13386,0.7469238992018528,3000
1574,0,13402,0.6614009124196852,3000
1575,0,13475,0.7080288607007812,3000
1576,0,13514,0.8394702407451258,3000
1577,0,13360,0.8140257438799435,3000
1578,0,13400,0.6265301578365644,3000
1579,0,13453,0.8469130752681377,3000
1580,0,13243,0.8475682704657236,3000
1581,0,13225,0.6274740654213571,3000
1582,0,13424,0.8403366606720755,3000
1583,0,13302,0.6300161532709108,3000
1584,0,13309,0.8015244830262963,3000
1585,0,13688,0.7814079719588329,3000
1586,0,13656,0.8805799575420877,3000
1587,0,13248,0.8762349272200122,3000
1588,0,13347,0.8382906632304766,3000
1589,0,13456,0.833373856636462,3000
1590,0,13385,0.7444666242799463,3000
1591,0,13276,0.8629379890206822,3000
1592,0,13373,0.8214014964780102,3000
1593,0,13510,0.814848726490143,3000
1594,0,13539,0.8040144921885971,3000
1595,0,13323,0.7897859199401203,3000
1596,0,13551,0.8376082169115304,3000
1597,0,13336,0.6647330867957906,3000
1598,0,13443,0.7645404611000371,3000
1599,0,13584,0.8014084791602749,3000
1600,0,13249,0.7340581479989744,3000
1601,0,13386,0.7828131040142732,3000
1602,0,13410,0.8516050975453032,3000
1603,0,13215,0.6329232973020339,3000
1604,0,13488,0.8375496991704742,3000
1605,0,13456,0.6870996219435377,3000
1606,0,13187,0.7921759747660208,3000
1607,0,13443,0.8227653986216715,3000
1608,0,13411,0.7682275411851653,3000
1609,0,13284,0.7812088811349269,3000
1610,0,13322,0.8798860840944006,3000
1611,0,13320,0.8170287413145196,3000
1612,0,13586,0.8242939113895189,3000
1613,0,13402,0.7621855619931287,3000
1614,0,13536,0.8758329957958394,3000
1615,0,13051,0.8416890232425241,3000
1616,0,13372,0.7734747708773443,3000
1617,0,13170,0.8431788664087356,3000
1618,0,13354,0.8907045007994073,3000
1619,0,13351,0.7408305816312065,3000
1620,0,13381,0.7829425361572641,3000
1621,0,13644,0.7245850809662748,3000
1622,0,13476,0.8688784294121343,3000
1623,0,13172,0.7013106160032431,3000
1624,0,13361,0.8269123804990225,3000
1625,0,13231,0.770664883981951,3000
1626,0,13177,0.7959974709718796,3000
1627,0,13156,0.8839637762512039,3000
1628,0,13402,0.8608942356509358,3000
1629,0,13352,0.7760980920688421,3000
1630,0,13394,0.7816675166700713,3000
1631,0,13465,0.8418115348613746,3000
1632,0,13529,0.8537735628769679,3000
1633,0,13278,0.8578172793399119,3000
1634,0,13425,0.7853178467010838,3000
1635,0,13276,0.7603034101384176,3000
1636,0,13283,0.7271493538031709,3000
1637,0,13338,0.8544606416610439,3000
1638,0,13095,0.8320811004427509,3000
1639,0,13406,0.75281232301015,3000
1640,0,13259,0.776657710738024,3000
1641,0,13279,0.7800924490226516,3000
1642,0,13280,0.7879306569606317,3000
1643,0,13000,0.7774005090711733,3000
1644,0,13445,0.8441705133701465,3000
1645,0,13434,0.8174483167220145,3000
1646,0,13224,0.7908396368619525,3000
1647,0,13284,0.7531878579342962,3000
1648,0,13401,0.7406075182864998,3000
1649,0,13499,0.8216503225333865,3000
1650,0,13361,0.790957415096769,3000
1651,0,13785,0.6298414662972588,3000
1652,0,13534,0.8559521708763839,3000
1653,0,13470,0.8328574028834094,3000
1654,0,13432,0.7235679941339882,3000
1655,0,13435,0.6902195870369862,3000
1656,0,13537,0.8073542249508565,3000
1657,0,13340,0.6303640512329353,3000
1658,0,13521,0.7909429143297048,3000
1659,0,13198,0.6609795002204871,3000
1660,0,13317,0.7900649009950101,3000
1661,0,13243,0.7614053168204806,3000
1662,0,13085,0.7494570459369634,3000
1663,0,13397,0.8433887043590322,3000
1664,0,13172,0.6845743545942422,3000
1665,0,13702,0.7106374451846164,3000
1666,0,13360,0.8561062457057754,3000
1667,0,13494,0.799112345024298,3000
1668,0,13439,0.8488258305679011,3000
1669,0,13342,0.71037118720028,3000
1670,0,13248,0.8737766492150342,3000
1671,0,13147,0.7805033537675786,3000
1672,0,13571,0.8489998865429507,3000
1673,0,13384,0.831424591600295,3000
1674,0,13343,0.753703854676552,3000
1675,0,13404,0.6989536496446759,3000
1676,0,13343,0.7472584684450054,3000
1677,0,13111,0.8132444244276699,3000
1678,0,13476,0.6054249085319405,3000
1679,0,13097,0.7038180091912215,3000
1680,0,13385,0.7572077327333477,3000
1681,0,13326,0.743488343999692,3000
1682,0,13288,0.8031569351125196,3000
1683,0,13556,0.7854329473885947,3000
1684,0,13217,0.9280499312893861,3000
1685,0,13176,0.7787460209823724,3000
1686,0,13323,0.8216676632593424,3000
1687,0,13314,0.8242063555566249,3000
1688,0,13412,0.7622511790481253,3000
1689,0,13362,0.8308010393672581,3000
1690,0,13352,0.8657763859446052,3000
1691,0,13479,0.6906142256921403,3000
1692,0,13321,0.8319160611570752,3000
1693,0,13101,0.7956600951830388,3000
1694,0,13249,0.7448625430525259,3000
1695,0,13238,0.7975694363417326,3000
1696,0,13437,0.9067070868381012,3000
1697,0,13210,0.8103528276715005,3000
1698,0,13273,0.8542771112738153,3000
1699,0,13529,0.8474176774657005,3000
1700,0,13146,0.7822202022312541,3000
1701,0,13330,0.8876739757695916,3000
1702,0,13328,0.7616432153381232,3000
1703,0,13566,0.8459275794001863,3000
1704,0,13236,0.7363185789331486,3000
1705,0,13258,0.6395937962021746,3000
1706,0,13326,0.7539963382008312,3000
1707,0,13250,0.7799789968656551,3000
1708,0,13669,0.7886314724418695,3000
1709,0,13332,0.7199769320267827,3000
1710,0,13466,0.7424649648632253,3000
1711,0,13298,0.6640730248428337,3000
1712,0,13361,0.7915653188333365,3000
1713,0,13802,0.8067092459481942,3000
1714,0,13374,0.674886959673134,3000
1715,0,13385,0.9181459593208063,3000
1716,0,13438,0.7808361581871786,3000
1717,0,13574,0.7717980377383721,3000
1718,0,13208,0.7965885931267298,3000
1719,0,13327,0.6811635639317746,3000
1720,0,13381,0.7393450174832698,3000
1721,0,13327,0.7222636160703679,3000
1722,0,13328,0.9164702257854148,3000
1723,0,13512,0.8113408082512846,3000
1724,0,13474,0.8416341289191079,3000
1725,0,13346,0.7744629985186019,3000
1726,0,13395,0.8002821769646066,3000
1727,0,13090,0.8085826392890635,3000
1728,0,13401,0.8129475445464587,3000
1729,0,13270,0.5636099423180185,3000
1730,0,13575,0.8912511139047924,3000
1731,0,13610,0.8160862626179963,3000
1732,0,13609,0.8699053609429199,3000
1733,0,13377,0.7847569958577102,3000
1734,0,13117,0.7472908828846255,3000
1735,0,13317,0.8876427378776152,3000
1736,0,13399,0.613592834489961,3000
1737,0,13294,0.8584982563465443,3000
1738,0,13388,0.8140641549301348,3000
1739,0,13339,0.7398618900925114,3000
1740,0,13374,0.7822371066700204,3000
1741,0,13233,0.7681839254249395,3000
1742,0,13328,0.7343475172750683,3000
1743,0,13288,0.7150192138392409,3000
1744,0,13523,0.6714967284648222,3000
1745,0,13617,0.8397540009727489,3000
1746,0,13453,0.7166744027324871,3000
1747,0,13214,0.7543637346132913,3000
1748,0,13209,0.7252439976475439,3000
1749,0,13126,0.8408175008137794,3000
1750,0,13452,0.8933261836918673,3000
1751,0,13336,0.871894011086144,3000
1752,0,13396,0.8198108790592288,3000
1753,0,13520,0.8368730958410838,3000
1754,0,13446,0.6521569859720381,3000
1755,0,13526,0.8001487389272542,3000
1756,0,13333,0.7733984148775209,3000
1757,0,13532,0.6734817751556049,3000
1758,0,13371,0.8082276721059464,3000
1759,0,13445,0.6301623461749059,3000
1760,0,13287,0.8459771853534689,3000
1761,0,13486,0.7582375427962075,3000
1762,0,13430,0.8139006677755389,3000
1763,0,13536,0.7659482254973201,3000
1764,0,13116,0.7769043599398742,3000
1765,0,13440,0.7306871800294555,3000
1766,0,13594,0.6434210685722659,3000
1767,0,13366,0.7252665513875189,3000
1768,0,13289,0.667636079286836,3000
1769,0,13286,0.6699396059818096,3000
1770,0,13326,0.8158848667321379,3000
1771,0,13380,0.7746529671425241,3000
1772,0,13732,0.6932363636578367,3000
1773,0,13515,0.837931725121518,3000
1774,0,13330,0.7994558003325396,3000
1775,0,13305,0.7886692770283021,3000
1776,0,13303,0.7299558990045772,3000
1777,0,13233,0.7987259159716056,3000
1778,0,13247,0.8404289828667172,3000
1779,0,13300,0.8059589174489331,3000
1780,0,13368,0.7997632246792145,3000
1781,0,13227,0.744910934436222,3000
1782,0,13221,0.7669372944810013,3000
1783,0,13223,0.8053925499192228,3000
1784,0,13175,0.7078089819278746,3000
1785,0,13299,0.7088596857042582,3000
1786,0,13402,0.7726076560755818,3000
1787,0,13598,0.8107707325267844,3000
1788,0,13370,0.7215384068087645,3000
1789,0,13139,0.7667716698165311,3000
1790,0,13305,0.833906494891388,3000
1791,0,13335,0.8150509355185581,3000
1792,0,13397,0.8149885073053508,3000
1793,0,13379,0.7751450229766192,3000
1794,0,13592,0.822939022381782,3000
1795,0,13439,0.7676044818553951,3000
1796,0,13388,0.9082588116693455,3000
1797,0,13372,0.8050877092042147,3000
1798,0,13553,0.8050007415681035,3000
1799,0,13619,0.7334825939324717,3000
1800,0,13050,0.6799974942475475,3000
1801,0,13396,0.8233664577394859,3000
1802,0,13117,0.8320637262037825,3000
1803,0,13397,0.7959071850246506,3000
1804,0,13085,0.8745445199408342,3000
1805,0,13394,0.7542883750473608,3000
1806,0,13109,0.7639486654336368,3000
1807,0,13557,0.8031971819793862,3000
1808,0,13307,0.7590868850920579,3000
1809,0,13264,0.8165660210069606,3000
1810,0,13564,0.7817962798240173,3000
1811,0,13130,0.6762143634165071,3000
1812,0,13434,0.7682849190755432,3000
1813,0,13466,0.8007719409961238,3000
1814,0,13240,0.8192856813064128,3000
1815,0,13360,0.6890746110310574,3000
1816,0,13459,0.7713485704322447,3000
1817,0,13415,0.7583601029889566,3000
1818,0,13082,0.7369748130551365,3000
1819,0,13545,0.7053047738501947,3000
1820,0,13527,0.8047414534804651,3000
1821,0,13543,0.7873009174570539,3000
1822,0,13602,0.8289810473640873,3000
1823,0,13314,0.8090617559079166,3000
1824,0,13578,0.7342002828147756,3000
1825,0,13261,0.8870756285219171,3000
1826,0,13280,0.833144833004302,3000
1827,0,13295,0.6882902003580326,3000
1828,0,13266,0.7857799511726721,3000
1829,0,13401,0.8698868936202724,3000
1830,0,13223,0.7791123296055148,3000
1831,0,13347,0.76210036093643,3000
1832,0,13587,0.8392179553972481,3000
1833,0,13344,0.7492741838938515,3000
1834,0,13277,0.6855867032036129,3000
1835,0,13280,0.795180519967808,3000
1836,0,13414,0.8101332346616855,3000
1837,0,13234,0.8521096957220579,3000
1838,0,13441,0.715332894253361,3000
1839,0,13525,0.8190497477484983,3000
1840,0,13177,0.7423123973608047,3000
1841,0,13284,0.849272920726727,3000
1842,0,13548,0.7158730820671644,3000
1843,0,13386,0.7734281507556972,3000
1844,0,13313,0.8351213272514905,3000
1845,0,13397,0.8089517798919491,3000
1846,0,13280,0.6857754775912516,3000
1847,0,13178,0.7738008595221181,3000
1848,0,13537,0.6862143957460531,3000
1849,0,13336,0.8106057520506665,3000
1850,0,13485,0.7852571599104426,3000
1851,0,13418,0.6292472934565979,3000
1852,0,13388,0.8446214284680822,3000
1853,0,13326,0.7524352186471078,3000
1854,0,13452,0.808288345780013,3000
1855,0,13306,0.6206343781220844,3000
1856,0,13183,0.7847711720004763,3000
1857,0,13231,0.7234388250339433,3000
1858,0,13399,0.7558860178743456,3000
1859,0,13291,0.8056335069229785,3000
1860,0,13540,0.8512227611063975,3000
1861,0,13271,0.7828905788937431,3000
1862,0,13208,0.7383325759245947,3000
1863,0,13560,0.7794166935021976,3000
1864,0,13184,0.6600981051418925,3000
1865,0,13259,0.810124582497262,3000
1866,0,13571,0.8693121193573875,3000
1867,0,13366,0.6688228489265622,3000
1868,0,13131,0.7176941085602431,3000
1869,0,13466,0.8323126148515559,3000
1870,0,13372,0.7204374982632931,3000
1871,0,13345,0.8612532664244769,3000
1872,0,13399,0.7654839953997805,3000
1873,0,13617,0.8315272319407939,3000
1874,0,13398,0.7958082231272856,3000
1875,0,13309,0.6433545918786263,3000
1876,0,13463,0.7804116156379808,3000
1877,0,13330,0.8503642003982211,3000
1878,0,13598,0.793007264633179,3000
1879,0,13209,0.6888468666616384,3000
1880,0,13103,0.6297974828357387,3000
1881,0,13477,0.7855130927662133,3000
1882,0,13143,0.8026279294555193,3000
1883,0,13405,0.8214839804047499,3000
1884,0,13204,0.8417993669896254,3000
1885,0,13206,0.7009349479193667,3000
1886,0,13473,0.5495231722089501,3000
1887,0,13263,0.6357018515600744,3000
1888,0,13379,0.6557681052661269,3000
1889,0,13387,0.742471124876563,3000
1890,0,13229,0.8672176613967562,3000
1891,0,13590,0.7313224140959683,3000
1892,0,13703,0.8051087552980094,3000
1893,0,13359,0.6394807416970764,3000
1894,0,13420,0.9185140201865815,3000
1895,0,13350,0.7819752985177625,3000
1896,0,13545,0.8077406717593549,3000
1897,0,13287,0.747655708896416,3000
1898,0,13252,0.8080864035090071,3000
1899,0,13443,0.7113111063544428,3000
1900,0,13323,0.8091100716645221,3000
1901,0,13311,0.7802502903469442,3000
1902,0,13553,0.8128961873416939,3000
1903,0,13397,0.7147446874868008,3000
1904,0,13195,0.7099596919778622,3000
1905,0,13363,0.8031100018209418,3000
1906,0,13370,0.836336196336638,3000
1907,0,13428,0.7720941799532732,3000
1908,0,13053,0.8586150086631268,3000
1909,0,13179,0.7689212636182612,3000
1910,0,13273,0.8309162089131379,3000
1911,0,13085,0.8105699051909734,3000
1912,0,13422,0.8009702182967954,3000
1913,0,13448,0.7350282725478314,3000
1914,0,13216,0.8755850221351476,3000
1915,0,13286,0.7340900520861198,3000
1916,0,13199,0.8284183882972883,3000
1917,0,13236,0.7484078010073193,3000
1918,0,13288,0.8892355116401331,3000
1919,0,13348,0.8138154010073841,3000
1920,0,13488,0.6296472937364775,3000
1921,0,13388,0.7504453722320792,3000
1922,0,13312,0.7924704736679798,3000
1923,0,13256,0.8791309186804855,3000
1924,0,13466,0.8239344032803819,3000
1925,0,13277,0.5948578891543167,3000
1926,0,13150,0.7966478853396937,3000
1927,0,13394,0.7720063862966837,3000
1928,0,13244,0.5532583371877272,3000
1929,0,13402,0.7844517169057552,3000
1930,0,13159,0.7668494600161354,3000
1931,0,13420,0.794908356073155,3000
1932,0,13552,0.7257023915087689,3000
1933,0,13133,0.8692574152427751,3000
1934,0,13420,0.8462011269005356,3000
1935,0,13192,0.6544012494042935,3000
1936,0,13375,0.7132862289560523,3000
1937,0,13378,0.7810826730877677,3000
1938,0,13378,0.7977694180959699,3000
1939,0,13447,0.7777401558677081,3000
1940,0,13325,0.7730772252728446,3000
1941,0,13436,0.8415296938259494,3000
1942,0,13555,0.7912391961654796,3000
1943,0,13410,0.7002475205540658,3000
1944,0,13459,0.7553751417577614,3000
1945,0,13420,0.8501353128014942,3000
1946,0,13160,0.8720140398582154,3000
1947,0,13377,0.776335313295599,3000
1948,0,13480,0.8151889789856497,3000
1949,0,13293,0.7553563473544431,3000
1950,0,13458,0.8788455287487131,3000
1951,0,13028,0.8427108969806407,3000
1952,0,13323,0.7743675951538328,3000
1953,0,13175,0.7304862288278147,3000
1954,0,13381,0.7898859584200948,3000
1955,0,13328,0.7750054652177135,3000
1956,0,13276,0.6390175516457179,3000
1957,0,13385,0.6639710216630241,3000
1958,0,13433,0.7584979971228032,3000
1959,0,13146,0.7681831233644284,3000
1960,0,13026,0.8044208885930149,3000
1961,0,13145,0.8007072901327732,3000
1962,0,13414,0.7490718103652904,3000
1963,0,13115,0.7362322720054636,3000
1964,0,13146,0.7935248864879914,3000
1965,0,13295,0.7956873076736638,3000
1966,0,13341,0.7571679508506337,3000
1967,0,13241,0.7275916100724552,3000
1968,0,13309,0.7700826221762472,3000
1969,0,13298,0.6681813572232743,3000
1970,0,13351,0.7508009705130656,3000
1971,0,13183,0.8124997115539249,3000
1972,0,13498,0.8148780875331252,3000
1973,0,13371,0.8461181813321846,3000
1974,0,13319,0.790142649085964,3000
1975,0,13262,0.8080710486747446,3000
1976,0,13325,0.7161475474620849,3000
1977,0,13131,0.7506864242986077,3000
1978,0,13340,0.8340916084110656,3000
1979,0,13147,0.8818688163040413,3000
1980,0,13360,0.7828581043834999,3000
1981,0,13089,0.746808035623069,3000
1982,0,12960,0.7835354437470563,3000
1983,0,13661,0.8001528431241226,3000
1984,0,13283,0.7905099356675661,3000
1985,0,13187,0.8879847439371926,3000
1986,0,13213,0.6779415375702567,3000
1987,0,13410,0.8254532849199165,3000
1988,0,13247,0.7317667743119155,3000
1989,0,13226,0.8111101188699033,3000
1990,0,13578,0.8649893474674262,3000
1991,0,13377,0.7834205246999665,3000
1992,0,13377,0.7189911882551022,3000
1993,0,13554,0.786796900983982,3000
1994,0,13334,0.7290808881277161,3000
1995,0,13256,0.8849085286750473,3000
1996,0,13227,0.7720486544464256,3000
1997,0,13397,0.7573675999251401,3000
1998,0,13449,0.6364685612407952,3000
1999,0,13271,0.8665713810904248,3000
