S_at_quit,PE_tots,practime_final,quit_label,logit-Skill
0.7987378869263919,251,64.56940498049946,1,1.3784247368663667
3.468158133838294e-06,43,94.68767007824066,1,-12.5718834339288
0.472324724642371,232,108.3066752194173,1,-0.11081436074258642
0.5644238066777741,1194,500.0,0,0.2591356626420921
0.8175401785152527,670,187.0622411868406,1,1.4997700570579322
0.5027946066529251,946,382.293390873825,1,0.011178543015976287
5.836910985652046e-11,65,154.74496292906923,1,-23.564234306787544
0.4734517170266718,731,362.0310027403508,1,-0.10629309587152962
0.7794680815021283,352,126.59373805427394,1,1.2625693007567311
0.5797380383532615,208,104.74703458881957,1,0.3216981084480686
0.8012036393768809,85,37.3053083392227,1,1.3938341588586858
0.5022899485775435,1294,500.0,0,0.009159858354606778
0.00028080144846581473,35,86.0399391261827,1,-8.177581886591307
0.00042914011635601955,9,34.70752187898109,1,-7.753297848586378
0.5362444376180742,915,500.0,0,0.1452324892439712
0.9302785476709543,321,106.14497396136518,1,2.590976003610551
0.7764228330187779,535,201.97570276378275,1,1.2449406390982922
0.6738289877450363,351,174.58846159919685,1,0.7255545300435575
0.8614576273121288,991,257.3625037133081,1,1.8274496511565594
0.47697486793385346,867,377.83322546215686,1,-0.09216571484354996
0.6646493284165377,916,297.49219801436664,1,0.6840828107031586
0.010418401332420184,5,20.887816942412424,1,-4.553708624625507
0.9578572668290115,335,96.30894014514419,1,3.1236365105118966
0.9385813491812592,293,111.08566154685532,1,2.72665598398094
0.6100673474508678,397,174.28299766778136,1,0.4475953182899295
0.9192700713964869,156,55.14811465034187,1,2.432470585457746
0.010472634148543655,19,57.39345592832518,1,-4.548461837544449
0.45402899554093873,1213,500.0,0,-0.18440480611621926
0.4969711431809713,1218,500.0,0,-0.01211557547485817
0.9459555173285032,209,82.6413724926528,1,2.8623880854531376
0.617752689594668,25,8.12180087456698,1,0.48002039014990777
0.6719171922889893,229,88.40694392063219,1,0.7168690681153888
0.8297309169147402,1203,424.98746363348954,1,1.5837214243846547
0.5459967748659658,1375,500.0,0,0.18450876705299446
0.5123910916576593,24,10.709339752424103,1,0.04957451713242516
0.5751488944221739,862,287.79611028912024,1,0.3028901863733745
0.13741639732210886,2,1.3483134976102422,1,-1.8369163621368243
0.731813154430217,725,210.02910314350504,1,1.0038413053157584
0.7842454564994827,1021,305.204178316887,1,1.2905806647797582
0.6160078118287666,1310,500.0,0,0.47263743591659596
0.5925540047549377,300,110.81473948846313,1,0.37453361922888845
0.8782226095823596,1622,491.0651042023047,1,1.9757053938747764
0.5893096375621434,1476,500.0,0,0.361112191462316
0.8247548095242965,1168,500.0,0,1.54890005983768
0.20162782562307568,3,2.576152979079004,1,-1.3761513220608346
0.5895760447632821,634,248.84933973652883,1,0.36221304779515895
0.8612153688726636,1917,500.0,0,1.8254212960181615
0.4879899520795209,509,255.5176115048194,1,-0.04804943405144035
0.7272995818502482,1367,500.0,0,0.9809646490065206
0.0019645437466830856,10,27.835169400324798,1,-6.230528774610522
0.6481088290272125,1473,436.88732722829315,1,0.6107366738591741
0.7271196761598038,664,185.0860752324802,1,0.9800577555774582
0.5207036923593197,30,18.18955503201292,1,0.08286214880276452
0.8161028399479945,91,37.63202384182743,1,1.4901636877729223
0.961863521783796,119,41.90077477147808,1,3.2277013137719823
0.8882289026394024,290,79.91457700510199,1,2.072776476643109
0.6176448445822882,1121,500.0,0,0.47956370421774197
0.8319617202934199,999,323.63610384428205,1,1.5995946216555623
0.9070976489189007,1653,500.0,0,2.2787011525981256
0.7277215543007403,835,268.5450738084307,1,0.9830932545774309
0.4433461862862034,1009,436.24947424906185,1,-0.2275926035887845
0.6801341024446179,1670,474.4768678008986,1,0.7543881503843886
0.5261214676737173,1276,500.0,0,0.10458108527486529
0.5821968575063513,1511,500.0,0,0.3317982630577998
0.8459747955844907,1361,500.0,0,1.703373312651356
8.897647424764831e-05,14,47.270153607112974,1,-9.3270495770378
3.537703912707912e-06,12,48.317256390084225,1,-12.552029115777737
0.6025277885693431,37,18.267252828297803,1,0.4160087631078766
0.7762400753773219,791,208.03986741089778,1,1.243888135795913
0.5512669825905185,1590,493.66356059968643,1,0.2057911388334351
0.5475428031657562,53,29.278776110218114,1,0.1907474718986885
0.0024177404863575318,9,27.734002177109556,1,-6.022501190350269
0.5978011598470826,455,154.52923712225638,1,0.3963115964631146
0.8660201587538736,280,119.20888223396805,1,1.8662188361261214
0.45616281657369,911,500.0,0,-0.1758001072104933
0.0033795303305780974,8,24.230685685784607,1,-5.686633280750649
0.8707659980690244,1019,285.50882339721755,1,1.9077485522588724
0.7898854434218555,680,238.58517906142734,1,1.3242350371222718
0.6670174141324681,876,354.0038716230613,1,0.6947259597985095
0.858729253939313,1391,500.0,0,1.8047754507969131
0.8569007300819317,1869,500.0,0,1.7897834930292655
0.947779741842479,119,37.66187615732351,1,2.898651628520312
0.7632125680472173,1371,500.0,0,1.1703737604879698
0.8163246973427265,425,110.62007566662383,1,1.4916426499358018
0.49117454614741773,107,41.04760337082237,1,-0.03530548224279134
0.02752312553153045,11,16.64664893251793,1,-3.5648197160333854
0.5479539589362735,714,358.7124995811061,1,0.1924072314735485
0.3902625070599908,795,500.0,0,-0.44620891737970575
0.5719264158718846,465,165.73537214266364,1,0.28971523318660564
0.6520898257569118,13,10.850869809742306,1,0.6282379955384634
0.7409336894620392,1817,500.0,0,1.0508270792125651
0.5622721394308993,118,43.55886710358875,1,0.2503885721793325
0.622007887770673,651,225.1566410848309,1,0.49807944567842116
0.7787538371277108,1389,500.0,0,1.2584190565927815
7.104170963461215e-05,9,37.253262658454574,1,-9.552172349534183
0.00019101926640485663,86,87.41546053411692,1,-8.562945226262281
0.6984892368794707,1158,500.0,0,0.8401140555671301
0.7940351280586069,21,7.90111839754832,1,1.3494220724636348
0.8566392932586607,850,251.0420352331563,1,1.7876530562652562
0.589724492783086,530,162.63379523113713,1,0.36282656360460913
0.6935447487651388,1621,500.0,0,0.8167440181666952
0.811300268660047,1616,419.92747026914435,1,1.45848120191671
0.5885733969800246,56,26.061429533937964,1,0.3580709979294187
0.6466220824249791,212,89.36804177338215,1,0.6042239440149839
0.9106207537873757,602,202.98287110377024,1,2.32123800401654
0.9464603044456794,1214,298.00658068443147,1,2.872305678708593
0.6109220681357619,404,122.8459581582238,1,0.45118974044145094
0.0007095343132007617,30,59.15979530783421,1,-7.250191913871919
0.8242591037594587,1847,500.0,0,1.545474196927309
0.6366229652091944,1444,500.0,0,0.5607366304211222
0.0062141258745916535,7,21.46801052990693,1,-5.074696697687353
0.8809432417968056,2042,500.0,0,2.001392860019462
0.00028193195825172035,11,38.32161243833771,1,-8.173562827226318
0.7826168496447659,87,24.23179193439878,1,1.2809817734677005
0.008434229649408952,7,18.97446084117586,1,-4.766986895994665
0.8896473868241171,1081,283.33687098031436,1,2.087144376421972
0.49251287146983563,1054,500.0,0,-0.029950752857404814
0.6047115584428348,1389,500.0,0,0.42513585123696174
0.8063375415083408,1313,500.0,0,1.4263857018417536
0.5220025913404426,1150,500.0,0,0.0880672408615922
0.5839072341706016,892,500.0,0,0.3388338944288139
0.5778634147911434,1209,464.18981047227084,1,0.31400861085661247
0.5770428228477179,1238,500.0,0,0.31064554225311286
0.6445111502992966,1467,500.0,0,0.5949982392928824
0.7415650888348474,468,148.74634436055243,1,1.0541190697672742
0.49500014042565244,87,34.30439510151234,1,-0.020000104947885514
0.7040251112564344,274,129.74405840583682,1,0.8665394095207001
0.4901962696245184,251,93.33718320904073,1,-0.0392199480865604
0.8477677305749566,452,124.2568820519547,1,1.7171992528198587
0.6705416729760818,1662,499.64908652764535,1,0.7106359803078728
0.9240081041392666,62,16.077733028913066,1,2.4980941411275315
0.7160165972543586,598,218.99706817506112,1,0.9247875517978406
0.020533662209974234,19,35.10174866321871,1,-3.8649422716035273
0.6096947547767746,307,149.25199438643023,1,0.44602931687027
0.7433021711996605,66,18.557634578324514,1,1.0632030230340481
0.5409160230435213,278,156.51905365060503,1,0.16403089171162172
0.47940862218870894,89,31.114841516632072,1,-0.08241212318779488
0.42784400614375495,1480,500.0,0,-0.29065301321217163
0.0002499049996022055,24,64.3692012068874,1,-8.294179777681046
0.7324340398625974,218,63.39184756550991,1,1.007007172974382
0.6246535949163557,1187,500.0,0,0.509347901481761
0.5805370224132086,1524,500.0,0,0.3249783075253242
0.8081626692083802,890,363.8960476506937,1,1.438115584075323
0.8335257708168982,1979,500.0,0,1.6108241027495735
0.9195658014985979,62,18.62352136850114,1,2.4364621635021004
0.5813820656569334,1464,500.0,0,0.3284494881026437
0.8096103596680969,846,251.04453067986302,1,1.4474803836285923
0.5095544208324113,361,168.81343640553732,1,0.0382223360504219
0.8448309844673586,1747,479.82526040988,1,1.69462164333763
0.7671975754336317,1077,311.44476661734143,1,1.1925542326777814
0.5297938734527621,1426,500.0,0,0.11931684720084991
0.6053319101305823,114,65.41353958324721,1,0.42773178652710775
0.8006721246103441,870,248.52379056746605,1,1.3905004467782502
0.00013653223208452613,30,74.51546043812147,1,-8.898813297173318
0.407519336375334,1056,424.112702947897,1,-0.3742298544611572
0.6984699683047717,277,84.75681587734778,1,0.8400225644003558
0.5130012370005514,32,13.83590799210505,1,0.05201667343781634
0.7655734191770039,786,207.19797888302455,1,1.1834826699035788
0.5649201468534253,454,206.5835890497225,1,0.2611548034616176
0.8269405218850128,1859,500.0,0,1.5640974325612338
0.5016320113581478,615,371.1994509853971,1,0.006528068615666073
0.9120518691954986,543,147.3535898799974,1,2.3389496445506803
0.012192664950327718,5,15.798208539903658,1,-4.394653136375336
0.6267719908853304,749,245.8707554239232,1,0.5183933062200211
0.5337970460526414,1497,500.0,0,0.13539464034089468
0.6149365033617273,1556,458.5127392215892,1,0.46811076888781983
0.6083039894602393,687,268.11764133837255,1,0.44018868405055284
0.5370732581884012,238,80.47629507579418,1,0.14856568987339971
0.706851774484625,926,272.37309651055716,1,0.8801426194924793
0.8022188145936661,1380,500.0,0,1.4002201114211323
0.8899812893807989,1410,446.8582331923259,1,2.090549991471722
0.5711114090159738,1144,500.0,0,0.28638711221056995
0.7662448471514843,247,68.38689626161585,1,1.1872275502687388
0.7653151126284575,555,162.16460081336317,1,1.1820439514218306
0.5126241589515718,552,186.20661741238723,1,0.050507370069639984
0.00015183770013313738,15,45.23518456936357,1,-8.792546520635607
0.642515014575414,455,221.08415896783671,1,0.586296823045555
0.8379562172020854,650,190.13277665354835,1,1.6430992894393617
0.004609271231734285,12,37.244384256598146,1,-5.37506559201516
0.8398584280824857,309,84.3332382076726,1,1.6571750911443262
0.9147112025227181,145,65.69326208696238,1,2.3725652747882693
0.6369055615594345,360,115.0630732682028,1,0.5619584281504246
0.7859934052085882,147,76.63138994092445,1,1.3009415707448229
0.8831149760863354,383,109.01104086638276,1,2.0222646528332087
0.5607369925233745,1137,491.4703168555227,1,0.2441536370090738
0.590479908662526,920,315.81505794466574,1,0.36594964559360665
0.5847992066164778,1285,500.0,0,0.3425063090631921
0.050249788221391645,15,29.03440337936841,1,-2.9391926826206056
0.6027606187897633,796,264.9099296470166,1,0.416981059832117
0.5896188127246094,928,500.0,0,0.36238979513864855
0.5543784158362581,1297,414.4878818414943,1,0.21837738877504667
0.8084443181313126,957,301.2834139895169,1,1.439933272765087
0.7399264442549621,888,244.76059302339476,1,1.0455862838856316
0.6577106432727724,929,326.97718641403,1,0.6531086310939963
0.5940108026446896,438,155.49102433861918,1,0.38057095371928673
0.6160596276770216,1502,461.69327383680155,1,0.47285649690429615
0.9078092132044299,928,245.32729858202038,1,2.287174039632979
0.7745506517749168,370,105.63881021649934,1,1.2341875431730196
0.03073101798042676,20,36.30383627300312,1,-3.4512696584000584
0.7387012404360347,74,33.15636127437592,1,1.0392291384048329
0.8762974949404018,428,159.9145373115028,1,1.9578261090981488
0.9026589149342004,13,4.149929751922162,1,2.2271236062198523
0.002052461937212922,5,20.343017776320636,1,-6.186660690283764
0.8265089731674975,63,28.30183965812455,1,1.5610848945243123
0.5064958871868156,326,245.0558080364496,1,0.025985010783492014
0.005345620771806595,130,137.09546796136158,1,-5.226117640867121
0.7110229102604407,895,357.11281848104414,1,0.9003572411601468
0.6162455611061937,997,500.0,0,0.473642656273352
0.6737447754946293,980,347.09218865019415,1,0.7251713955069957
0.5673506826752384,174,79.71114723087571,1,0.2710500913473898
0.6968809438006893,1077,500.0,0,0.8324889307479751
0.5356960133491392,1132,500.0,0,0.14302737955505715
0.8021655539878328,689,250.13894278698893,1,1.399884463292111
0.8325554935693027,1032,322.2834436597556,1,1.6038478870949242
0.6202049337765233,712,251.01414273207882,1,0.49041815393830784
0.7486598491529894,185,63.37860625826681,1,1.0914775360238247
1.7106341521715674e-06,26,70.0138273040523,1,-13.278644696338528
0.6405905497336261,1308,500.0,0,0.5779282162872674
0.7315878868176694,1471,440.5192698244541,1,1.0026938241078867
0.4810083568042336,201,111.18383543709912,1,-0.07600313752577922
0.008433255086697983,12,29.341411612723043,1,-4.7671034340377165
0.8703668274092904,1884,500.0,0,1.9042060509697765
0.44098174861249184,1132,500.0,0,-0.2371786344650209
0.8374076506310126,1383,488.9859453574716,1,1.63906484556051
0.4870149787291693,1054,500.0,0,-0.051951766688333144
0.7126403420921688,155,72.02822806835682,1,0.9082422694563078
0.6260733439663133,1010,500.0,0,0.5154078558012816
0.8920949888309273,214,83.50874189310521,1,2.1123213027293417
0.5466548288665805,169,144.49234956278937,1,0.1871637748879565
0.6755509309101303,523,260.33868416978805,1,0.733399980039681
0.14199664928232505,1,0.22621834361711937,1,-1.7988045440261804
0.6310248621350208,1464,500.0,0,0.5366159982189443
0.4110981588253153,176,71.7218472086595,1,-0.3594275011699552
0.9360890315493711,1344,331.3836709370898,1,2.684219594232873
0.007545316102479811,423,311.7814611832507,1,-4.879254366011639
0.5881461478271706,1230,500.0,0,0.3563069090585834
0.7778869614693262,916,280.87906394321186,1,1.2533947850275828
0.017401673780846026,542,310.2631006624778,1,-4.033634020417133
0.8336116230925646,478,136.70856325062564,1,1.611442938519566
0.8078576281201336,687,261.41060840481555,1,1.4361492227287946
0.7911059571790331,413,135.37395654780565,1,1.3316047609842998
0.9124986543348483,1358,395.7710039336123,1,2.3445324384784056
0.7552904837275848,358,152.0587672485672,1,1.1270305626715336
0.8475799632924321,1603,494.07965269287706,1,1.7157450777015664
0.7840140743944077,90,29.529222540883605,1,1.2892137258951146
0.7776548439371923,269,88.2973720911387,1,1.2520518488852188
0.036208143770744085,8,19.904578765938034,1,-3.281591294949218
0.5195345688668209,135,55.10998143206932,1,0.07817806860778491
0.663005683711952,227,79.70314219271889,1,0.6767174982709586
0.4813463624094154,1422,500.0,0,-0.0746491962921373
0.8092624117424942,466,139.54297913513943,1,1.4452246300939984
0.4306629469689513,247,125.0406431450151,1,-0.2791468605178239
0.5788516553028012,992,500.0,0,0.3180611019695634
0.9353862325722412,857,206.84162586191903,1,2.6725320207994847
0.5765859249215902,1004,342.48901078014376,1,0.30877377330408995
0.7436632396033542,1109,500.0,0,1.0650962471152978
0.7907717571494052,1251,350.6695497538619,1,1.3295836492367779
0.7473331315645985,308,112.74360366919859,1,1.0844391494480916
0.8575169765420864,10,5.648708689906135,1,1.794818117577787
0.6691148157666205,797,224.74328035648466,1,0.7041842285982194
0.7664645880397781,1229,384.7671760581003,1,1.1884547748605385
0.5963688595402186,1438,500.0,0,0.3903579252349461
2.798945828775961e-05,19,56.78509435855081,1,-10.483654618551991
0.9405345363733876,1006,246.72790189148077,1,2.7610526685780523
0.869411915563481,1412,500.0,0,1.895769048369224
0.6453868350590515,299,90.93073618798678,1,0.5988223621746922
0.028606960168384078,14,22.868399764947537,1,-3.5250811140471567
0.9802262824197525,555,173.24092520077343,1,3.903429784445091
0.5259899653626509,847,305.3950765637409,1,0.1040536437064366
0.8572476797190268,1791,500.0,0,1.7926157821217774
0.5687548289194622,887,271.41485862359724,1,0.2767726898484903
0.7495257592457444,1884,500.0,0,1.0960846016083614
0.8131749932331881,1068,314.0153045611278,1,1.4707739441790317
0.43381684813432814,640,423.1167884001262,1,-0.2662951796054434
0.7055356438323723,365,99.79912140731695,1,0.8737993287344985
0.6372468652900851,431,137.60111666938135,1,0.5634345908801148
0.46937533208866644,1165,500.0,0,-0.12265220119042973
0.6919511191984205,196,97.35864461608897,1,0.8092568418435824
0.8062554138555814,149,45.52890069958123,1,1.4258598575844357
0.00020786944608982267,17,44.285816878591675,1,-8.478392447301621
0.6029508561948541,1105,360.2105594450002,1,0.41777563360992287
0.6237981971560776,465,141.4940340770567,1,0.5057012049662155
0.7264568035668468,232,71.79434617500843,1,0.9767194741551894
0.6444813352227505,402,148.02502648386158,1,0.5948681111164051
0.9083718165482318,86,26.509864995322346,1,2.293914880412998
0.536498762212745,574,204.37059547830162,1,0.14625519939069723
0.6922947193102091,1667,487.51000750183346,1,0.8108693159135955
0.713860552096022,590,233.1492912843237,1,0.9142083660022513
2.0280789157564377e-06,14,61.404209230510176,1,-13.108419531816569
0.44536192775653555,28,16.911956436129394,1,-0.21942850653718793
0.7509068402658234,327,110.65697669321209,1,1.103454634515369
0.5504338885926066,79,33.807219330042415,1,0.20242393481276366
0.7428628460749749,49,27.59061418044445,1,1.0609018174908311
0.9385114152615778,1767,500.0,0,2.7254434756827504
0.9226726758711419,1253,330.44188099232076,1,2.4792271661656544
0.480215076622013,1357,500.0,0,-0.07918103728564652
0.6350709099143064,143,61.06447989416252,1,0.5540336008434648
0.6707697656749804,455,132.99992505895253,1,0.7116686504931423
0.007545445288830711,6,17.494280389371816,1,-4.879237114592897
0.6023716007080231,568,195.48503788106524,1,0.41535663277307777
0.8187823231598095,1952,500.0,0,1.5081193216822149
0.9228099412143315,1472,500.0,0,2.481152622589783
0.5351961579242375,7,5.444638518062511,1,0.14101785843451467
0.8371089494036319,567,143.35792333314149,1,1.6368726524922927
0.0247051288311933,3,12.567925019606074,1,-3.675728990176247
0.0008102343420723756,22,44.12499077846454,1,-7.117376478180415
0.7332604043210503,472,186.74585881997922,1,1.0112280116738368
0.8271348549197337,440,155.92966360868073,1,1.5654559646124748
0.6666258313105116,263,127.16429857248927,1,0.6929634270844592
0.681477413145352,27,13.950365370676183,1,0.7605697188949717
0.5570723147159444,1314,474.771371188183,1,0.22928854234989451
0.5200344212418596,1303,500.0,0,0.08018061367054
0.9629919286546359,40,9.733194436112495,1,3.258908996980161
0.10682107410604118,749,500.0,0,-2.1236316955982404
0.6784500511634891,786,360.3686130218119,1,0.7466579665386096
0.00016329415667782723,20,67.53106014595036,1,-8.719794033881927
0.4648620254278352,72,49.104542549757376,1,-0.14078396799563617
0.00015766130995351147,12,36.51605385914369,1,-8.754903759902682
0.5151153829451182,111,53.710291781844894,1,0.060479960468675605
0.6058421877883032,351,118.27602537963905,1,0.4298681682520854
0.7792091356730797,322,110.11377164068253,1,1.261063538470051
0.7098835465198099,1733,500.0,0,0.8948185314964142
0.6597402840544728,634,233.05756744119694,1,0.6621370521294093
0.6835384957075008,336,109.92880904860048,1,0.7700813712435929
0.013336390337291854,19,44.93090839388334,1,-4.303832745867222
0.8534532307374336,1465,500.0,0,1.7619461220834136
0.7408804141740032,1271,392.1826149735767,1,1.0505495514167276
0.6272568237093731,148,74.49501843122106,1,0.5204664168782028
0.0032583712884865336,9,33.07158036067827,1,-5.723264121866468
0.8543321718071687,582,209.15848284306753,1,1.7689911978652895
0.4508188663973329,925,500.0,0,-0.19736268858020928
0.6245334162058928,1187,500.0,0,0.5088353608536841
0.8424389436474478,1059,352.6168042791876,1,1.6764881466257864
0.7411353227574925,1456,442.40787450710536,1,1.0518777869584806
0.39412034184793876,1458,500.0,0,-0.43002508361734354
0.535649684972063,619,251.8600861534571,1,0.14284111793610885
0.8963267970051626,663,212.84838484792732,1,2.157061402357341
0.0029665948257464325,22,68.90937396631372,1,-5.81736950335562
0.6932390807078412,464,164.24412172391985,1,0.8153062538277055
0.7894307245207275,1468,500.0,0,1.321497385185223
0.7696337708254748,249,70.07536658593389,1,1.2062444360837254
0.6934141262082013,1382,401.2531668987582,1,0.8161295137854173
0.5211382580295811,1643,472.4907587373159,1,0.08460346019304175
0.961672966931652,219,67.04701338312465,1,3.2225189702060235
0.8285698595505301,1446,390.40519900098406,1,1.5755253145306911
0.5900723529451097,1071,411.2279575898794,1,0.36426448796366123
0.5040581083675534,1637,500.0,0,0.016232789910524684
0.8560633606903514,492,148.02707690845418,1,1.782971194949129
0.881399945183325,1413,382.96056044594434,1,2.005754541453699
0.5186007602572346,929,500.0,0,0.07443739299883229
0.8474012335692612,477,148.93968804988873,1,1.714362258762422
0.7319855050518819,254,82.7420238717353,1,1.0047196472479727
0.7641437513864446,460,160.10494931763972,1,1.1755334243375213
0.959849825806947,1058,264.0037575829973,1,3.174150061834013
0.6225434212401015,298,151.3741117676675,1,0.5003578399815601
0.6126924651667928,1553,500.0,0,0.4586440807995872
3.0432615976553634e-05,33,82.39268193174115,1,-10.399965197646852
0.4923495802133098,1319,500.0,0,-0.030604067593366473
0.7161637412884847,388,113.52049031729194,1,0.9255113117082714
0.6601420877090981,702,274.72867153299035,1,0.6639274710210267
0.6688951398255529,1365,500.0,0,0.7031921828598805
0.07486180995991062,3,4.876247350607113,1,-2.5142992408771443
0.881578261582487,979,253.93511204189,1,2.0074614730835587
0.6777463136131949,420,173.5613311841667,1,0.7434339679312403
0.4813708838282487,632,279.00541542045323,1,-0.07455097408755385
0.7365510728692272,64,26.37810024039505,1,1.0281190546098542
0.7703642138515662,734,239.13978720072544,1,1.2103688927023004
0.47379068695512605,597,238.83833602200994,1,-0.10493343166473547
0.47900709592635904,356,164.5348203037788,1,-0.08402101049665787
0.9361752401785228,190,51.593297532315894,1,2.6856614813252366
0.7123995437966137,417,114.62643276378742,1,0.9070666989516859
0.881938479003729,350,107.10267803131282,1,2.010916448899919
0.8591767162670724,451,142.6436533800173,1,1.8084688265970668
0.5067474460052598,878,500.0,0,0.026991422588926884
0.5267991290216536,1599,500.0,0,0.10729934381385328
0.9245011510891278,1716,500.0,0,2.505136885994965
0.6022844565675586,548,282.318349277285,1,0.4149928181619359
0.7078832249521668,1579,500.0,0,0.8851255067108128
0.006621756962887241,18,30.03633934848733,1,-5.0107507639357385
0.0006122445540241864,7,29.505759196940414,1,-7.397766325139007
0.6421555652586617,133,70.16600233943261,1,0.5847322356915563
0.1570888572337145,760,500.0,0,-1.680049931585675
0.0036235403910464693,264,173.4582846692759,1,-5.616673601191042
0.7703912840563931,723,199.97840206941748,1,1.2105219217380403
0.7708164255512197,1419,393.72070016472014,1,1.212926928493959
0.8254665123224321,1460,500.0,0,1.5538320663062948
7.882880641848402e-08,40,99.59601162187872,1,-16.35598726436955
0.505289856918924,422,159.51469309296309,1,0.021160217189398346
0.6095193542933268,479,195.19221028157924,1,0.4452922975946283
0.805024890517747,905,340.66819858050764,1,1.41800129010253
0.5714208829884989,44,30.982607371080668,1,0.2876506780585496
0.5813983835954821,1237,500.0,0,0.32851653646923995
0.881928120179484,882,251.52074299671716,1,2.0108169662608226
0.7101432505508627,586,245.1264624797345,1,0.8960798775018667
0.7537331961186815,1016,320.7995539904738,1,1.1186229372503589
0.6930298850670291,1679,500.0,0,0.814322725101321
0.8835400796750502,1630,421.7091110112685,1,2.0263894731206435
0.6467243653978971,1068,354.5829880551743,1,0.6046715974436242
0.5659110622097455,233,109.03827716712507,1,0.26518749306133316
7.505619432882562e-05,18,51.186012849254176,1,-9.497198408252537
0.027005124577498457,13,20.640170764995975,1,-3.5843521682302057
0.5025666456311416,1477,500.0,0,0.010266672703133034
0.7319693125379803,695,225.7192580081531,1,1.0046371109093009
0.6796512497814411,1116,358.8132778245743,1,0.7521695518624585
0.781514267245457,1593,500.0,0,1.2745126898412127
0.571960964699458,61,26.37927655517032,1,0.2898563501224898
0.5740197346128808,350,113.01332360181978,1,0.29827075677326814
0.9407584536360307,196,52.624808431830445,1,2.765063323058774
0.6993963126791582,48,17.58345220127366,1,0.8444248087151747
0.7635034862350958,419,121.0218320856764,1,1.1719842238999456
0.7785404580796932,1653,500.0,0,1.25718104138314
0.6847049888963065,292,113.74629822642072,1,0.7754793286228153
0.6272719249068628,120,44.18017106186933,1,0.520531006071559
0.8863426164167886,1580,500.0,0,2.053915060176121
0.8606425868835821,680,192.68100315645833,1,1.8206373539532852
0.47592818632298456,638,344.78884848708566,1,-0.09636175015244662
0.6535625295160153,1164,363.86051783591176,1,0.6347358705391932
0.5970437144632273,1424,500.0,0,0.3931622508187468
0.6823711006813739,258,73.82332913236395,1,0.7646899277014307
0.5953277714765435,226,76.68244631808186,1,0.38603470315129057
0.5807464214660942,553,202.64807888104758,1,0.3258382734857
0.5428880438378022,971,500.0,0,0.17197477634562194
0.7346164920173648,1290,500.0,0,1.0181726037341892
0.49417212523393567,212,88.97577944821184,1,-0.023312554823186397
0.6486982586316442,1169,475.90864294737173,1,0.6133221596321597
0.8344006083266065,591,171.14379310828514,1,1.6171420642704633
0.4983210790985997,1308,500.0,0,-0.006715708845776986
0.867873262253809,351,95.77339589708455,1,1.8822840963783793
0.7102319055218089,315,87.73644703567304,1,0.8965106153423176
0.6920455552831282,23,15.02603680599904,1,0.8096999195139952
0.7318398062574059,1793,500.0,0,1.003977106318593
0.8349056970687339,182,45.973829093494295,1,1.6208019372760734
0.6984442902800214,327,99.90078472913126,1,0.839900645006829
0.7009668475534023,283,81.40382039296908,1,0.8519061478477569
0.6441965528275895,1739,500.0,0,0.5936254220960661
0.5733484903919446,86,65.2310088882013,1,0.29552617426165256
0.6878263463392079,411,111.65373280977506,1,0.7899767872763054
0.7832172359402529,1141,372.1158902840794,1,1.2845143332123745
0.5985579847124916,181,53.765114881188524,1,0.39946030094935464
0.6620900931289002,862,259.58925264156767,1,0.6726223267827921
0.6584230063630954,553,240.17352027030523,1,0.6562744807799017
0.7986912334683659,14,5.574370477096596,1,1.3781345485792105
8.29902636347705e-06,21,57.75506149838497,1,-11.699364056586937
0.5953824424589882,426,129.2805849756074,1,0.38626164089458287
0.5358378246296712,238,101.29782607470068,1,0.14359754225492202
0.8679046101944623,1687,500.0,0,1.8825575008894953
0.5755196191172899,1099,500.0,0,0.3044075304593818
0.6253177816407363,596,242.78408687896163,1,0.512181722143942
0.7224778558348751,388,149.04302493137814,1,0.9567860413574136
0.6697363842330794,15,10.606370580548935,1,0.7069930073737287
0.854516376166556,1302,421.40684240114285,1,1.7704721376862445
0.8598245591201777,310,81.06215898844678,1,1.8138335801986
0.82952623516787,717,192.3974340430028,1,1.5822733238874158
0.8577072317443761,984,419.42973256889536,1,1.7963761361212522
0.6148431109695295,1398,436.62490053207284,1,0.4677163758915049
0.44327419977116567,173,87.2173629015585,1,-0.22788429938044913
0.48497391383165983,96,78.06133312931111,1,-0.060122448558121766
0.4511451807117969,1205,500.0,0,-0.1960447646434651
0.724311331402973,53,31.054830242716985,1,0.9659490990026106
0.36044239703479497,522,189.7421110160954,1,-0.5734445343200548
0.8524621531923564,37,28.970800350283515,1,1.7540440816968352
0.7879327715782123,233,97.64763690586432,1,1.3125094313635224
0.018322920136772225,9,20.979286161915418,1,-3.9811096723760424
0.5962970337667588,1392,500.0,0,0.39005954626962647
0.770271158167438,1280,500.0,0,1.209842941457884
0.7610745453097792,281,88.1793814134934,1,1.1585797118901098
0.9273889515211979,882,238.5933403779347,1,2.547255965339691
0.8833998313259223,683,221.13574117871136,1,2.025027187705246
0.1868114806635978,17,23.28098076102623,1,-1.4708629802087194
0.5379084726348423,443,183.13793166175333,1,0.1519254378344955
0.8479707291098595,1389,356.66154820937504,1,1.718773043684632
0.8406292725636191,138,37.64237469877402,1,1.6629176380698218
0.5797768446559324,275,95.81857664271806,1,0.3218573864882381
0.5837951244648444,441,184.30546899999263,1,0.3383724787105505
0.4064210028929216,5,3.1360136461898183,1,-0.37878073371954907
0.6481011282919024,1477,500.0,0,0.6107029083179012
0.8999979141607641,503,172.09873296657727,1,2.1972014015595573
0.6405069166151115,1018,416.32984488546055,1,0.577564982618372
0.558355147995301,747,292.94590418378016,1,0.23448916901923456
0.881514443956796,1511,379.7756155908203,1,2.0068503241456157
0.7822750072047024,1075,438.05038535079115,1,1.2789735848526422
0.609665398238489,509,174.80137793288847,1,0.44590595466640387
0.6108625389785105,132,64.87944958054739,1,0.4509393053054514
0.7279352588779965,552,249.8519111764175,1,0.9841720573246221
0.13017434409537476,6,10.866973458398732,1,-1.8994181356559852
0.8100827885216421,82,44.715893481939936,1,1.4505482023532876
0.5508061333195201,1657,500.0,0,0.20392833318716072
0.6877005016484138,727,229.3950455179718,1,0.7893907677989536
0.6458850072065778,1280,500.0,0,0.6009997817325403
0.6828378151630476,1343,374.87987953189725,1,0.7668441047414543
0.892465704579475,750,238.0847967367666,1,2.116178262816957
0.7931661037607797,1299,393.8294083865039,1,1.3441166246822538
0.5754330305541336,1326,500.0,0,0.304053099902144
0.8726159648546864,1768,500.0,0,1.9242891337983126
0.874561155387817,294,106.91925478904884,1,1.941903877967638
0.452919143254524,1311,500.0,0,-0.1888829922057593
0.967266843558878,637,159.1364165960429,1,3.386085884653226
0.5261838798036341,234,103.4857675076238,1,0.10483141866932207
0.5035650105376933,528,250.19032293680615,1,0.014260283805018432
0.7638015586941758,877,251.4618307401188,1,1.1736357108016133
0.8135928096117127,1676,500.0,0,1.473526530399628
0.8550477116445755,1976,500.0,0,1.7747526280244361
0.7884366591239287,821,227.99275940487112,1,1.3155276346277687
0.7906149285259709,1646,423.4796126397825,1,1.3286360292265036
0.0005541968189797049,15,44.61894928040128,1,-7.497436314950816
0.7047363795375667,100,42.74503385801052,1,0.8699552171715287
0.8310302699691257,572,181.6809621896415,1,1.5929466335104527
0.6108954088187435,1201,480.17960727274806,1,0.45107758477906473
0.4718259825086241,943,500.0,0,-0.11281557150915825
0.028884000465316195,4,17.586148069148052,1,-3.515158100447716
0.14531648922775328,3,5.172684100260456,1,-1.7718171894151218
0.7566770271773114,1147,441.55059891114706,1,1.1345468468915407
0.44850649735493126,1424,500.0,0,-0.20670688913226387
0.8753940450792009,240,69.15543055075841,1,1.9495177247065127
0.6395016984964205,1249,393.0274835018487,1,0.5732020317789635
0.5701320462318938,221,110.63036470624611,1,0.2823899167881391
0.46095672110357855,791,500.0,0,-0.15649170436395735
0.40303334586494677,1269,500.0,0,-0.3928419535071004
0.7201172979528848,234,77.69848237141674,1,0.9450435184276147
0.21726890757241882,1228,500.0,0,-1.281653412838251
0.5489457827246497,356,163.79285845917178,1,0.19641213224590123
0.5115553901293898,1568,500.0,0,0.04622979225998246
0.5004818877085178,33,17.441777905027052,1,0.001927551430881584
0.6347423128051297,1407,450.8783673461108,1,0.5526160131229502
0.6461001843399629,243,103.63283036043305,1,0.6019407094061108
0.6284438178538374,457,143.61366095417176,1,0.5255465499244593
0.49024670123672043,172,85.50204554517632,1,-0.039018144452253795
0.7037922509398583,1644,500.0,0,0.8654221514392569
0.4891778898580976,225,86.31732653803238,1,-0.043295202279679604
0.8373629538959363,438,147.89486992606462,1,1.6387366061886017
0.6298259051128013,455,176.40674585089283,1,0.5314700184081095
0.7403030436808689,312,110.41941329366496,1,1.047544222243986
0.49755011994547105,254,129.85159590170727,1,-0.009799598640393098
0.5696365256171004,1349,500.0,0,0.2803683421774733
2.5930936373428964e-09,35,114.55889244859993,1,-19.770414216862644
0.7550017031391155,1197,500.0,0,1.1254687461275406
0.757237234726873,171,46.9747932749442,1,1.1375919004781194
0.8648683611197765,788,260.1865573064314,1,1.8563279055232362
0.49964098490009157,84,43.32625156205614,1,-0.001436060646429072
0.8817047753624596,104,25.22315814143055,1,2.008673874540655
0.5774509119388536,566,190.79703444655863,1,0.3123178130030672
0.8311013143553625,897,268.30388561128075,1,1.593452664094329
0.6846032332695423,1261,489.57858724629136,1,0.7750080257981264
0.8842256338865173,840,216.76068374601633,1,2.0330690948290675
0.8845891226722394,81,64.87919879438236,1,2.03662466179686
0.480077385355845,473,154.43199915258413,1,-0.07973267211015256
0.6325179266135025,1268,500.0,0,0.5430340251095495
2.617799293559374e-06,26,71.90890079941656,1,-12.853173939646537
0.7577808872190165,1851,500.0,0,1.1405515356392832
0.6939891197966392,677,199.86780670267504,1,0.8188356253170478
0.710139588534358,1506,500.0,0,0.8960620869552346
0.9161845917608881,290,68.74503456754223,1,2.3916010039734608
0.949016767871054,960,321.3285562251699,1,2.923929670564981
0.42423302524578566,1328,500.0,0,-0.3054201290142582
0.17584900950654284,2,2.9922805920083526,1,-1.544728027713149
0.49920599445334113,86,34.806735641508304,1,-0.0031760248563818113
0.8464173978337624,388,111.34432566465816,1,1.7067740688379083
0.8350150660818787,244,69.13396064587675,1,1.6215956077554468
0.5172777838287967,192,102.55392155773326,1,0.06913866328233605
0.2805340311663406,753,500.0,0,-0.9418141860190898
0.6750183008952152,1021,303.2659548505888,1,0.7309709326449214
0.932014706321077,664,186.5912766492338,1,2.6180571815166602
0.8411303792500123,1202,373.8118520166639,1,1.6666628062348516
0.541887872826777,383,154.57755661868975,1,0.1679451300279711
0.0006135421566926711,142,120.252478523357,1,-7.395647850657898
0.8225728104488215,143,39.10370911197935,1,1.5338766770147152
0.012065152730901599,7,24.373612787218544,1,-4.405295393511455
0.9598821242904,667,158.6207549317584,1,3.174988476448254
0.5524157705109948,1102,500.0,0,0.21043622788106595
0.7519572007233069,642,173.82269184273443,1,1.1090780993946472
0.8966172953765768,1980,500.0,0,2.160191440107891
0.7906291764886424,1947,500.0,0,1.3287220994452742
0.5927607467973065,1150,500.0,0,0.3753899967498733
0.8022520707540456,1255,500.0,0,1.4004297261521308
0.7020714215126876,15,3.518161887732364,1,0.8571813506227919
0.7899233774128391,1180,335.8171827591629,1,1.3244636165090495
0.772886340522606,35,11.711088350635077,1,1.2246814062210531
0.005181651727998077,11,40.96094800739446,1,-5.2574362840877065
0.8571667263655759,553,211.96490925523617,1,1.7919544147860391
0.6453489162337342,88,27.663337127374234,1,0.5986566824143014
0.8567961103209139,1573,500.0,0,1.7889305626272902
0.8745110131708743,205,55.22519788063013,1,1.9414468876851392
0.5751627964013423,1182,500.0,0,0.3029470797157221
0.6473726166801096,1215,500.0,0,0.6075101151298796
0.3569799783371655,877,500.0,0,-0.5884961645244166
0.8562909178066505,984,249.14043168268165,1,1.7848191821073809
0.02640445714739155,3,10.51464835770426,1,-3.6074631364136156
0.6360108884147216,1201,343.95680518777596,1,0.5580917293804335
0.5839820983054017,617,193.02284926666516,1,0.33914203651667413
0.6983156363607596,1326,429.6912107160098,1,0.8392898843315519
0.3542506671971224,1318,500.0,0,-0.6004066367861229
1.005626321282059e-12,59,173.66408485989277,1,-27.625410563272474
0.0015645947960549668,101,119.05105963750377,1,-6.45856258472075
0.02947285573312839,9,23.57093918845062,1,-3.494369676467897
0.17354808302412358,28,25.867483793723334,1,-1.560687042313377
0.09348853228403994,4,7.407114343846343,1,-2.2717649012524523
0.001558778650452116,6,25.13881032302374,1,-6.462292685926753
0.6268937614156022,192,71.98334194234631,1,0.5189138857160449
0.8992442469018135,43,12.877928855193312,1,2.1888553829845407
0.9306412989454018,1008,333.3226061582764,1,2.5965823125521115
0.0002812183159915505,9,39.53411894975183,1,-8.176098007178599
0.6269464085833317,1204,394.90607816798723,1,0.5191389781824655
0.7781331152296814,539,199.00379259074987,1,1.2548200249318218
0.589324715799879,1528,500.0,0,0.361174492452321
0.5690244911861303,354,159.76360033988027,1,0.27787221131496154
0.8642790983865818,778,203.88715082946607,1,1.8512951640994066
0.6092173447035989,336,183.20466442433212,1,0.4440235552695513
0.46142310613461307,929,500.0,0,-0.15461485629498792
0.9537951889483401,326,134.6728117901028,1,3.0273650337795512
0.9082418497490418,1128,278.8081542046954,1,2.292354383421888
0.814931891487339,438,141.16017709662822,1,1.4823806295728947
0.6093991056629712,1150,376.8206748936779,1,0.44478709089145513
0.8639535430525623,967,323.28979470606697,1,1.8485225751358862
0.8900620138234311,1384,500.0,0,2.091374693964389
0.4120734750878876,984,362.2024164057391,1,-0.355400311417081
0.5407764325560811,609,297.6820482809818,1,0.16346877840654903
0.7984779980333986,599,185.68001214678267,1,1.3768088468261215
0.6904469993062485,170,52.32047178774472,1,0.8022098892776766
0.7314298238380896,125,41.05003611971407,1,1.0018890377245333
0.8397584784195828,169,64.48309673459103,1,1.6564321378563145
0.6199796645313741,1772,500.0,0,0.48946191267858025
0.7945964545843115,1110,317.0674374094743,1,1.3528578231070902
0.6990406008872015,1519,500.0,0,0.8427334558095022
0.5199912364583541,954,347.09278591220016,1,0.08000759735505493
0.7755242358102334,240,82.44547497160347,1,1.239771487235479
0.9417665944890525,13,5.370719174861074,1,2.7832982993973405
0.004369183512672559,10,30.33648168301621,1,-5.4288003702480125
0.7910304795764904,1917,500.0,0,1.3311480939561662
0.0016428559168712737,32,78.27788240802701,1,-6.409674932036307
0.5030838915361804,72,53.16814694893651,1,0.012335722569635997
0.6794427501777266,453,147.9065349384175,1,0.7512120901765303
0.6700931112765808,144,57.43398930960627,1,0.70860621552026
0.8317556935661299,316,94.02648276912244,1,1.5981216321258636
0.8077516611365068,1132,438.69305485550177,1,1.435466693354361
0.8251655560564265,394,106.99635125819646,1,1.5517445486679406
0.9370037645740393,712,189.21176187558893,1,2.699612330456119
0.8034641984471576,342,95.57740121774427,1,1.4080880162694387
0.518865048887905,527,280.91180345047866,1,0.07549603354612099
0.015170855046769105,9,31.434078906749342,1,-4.173092013132107
0.8424419394584179,876,274.47038788954603,1,1.6765107165678694
0.01049089861041731,10,25.97997097645388,1,-4.546700880700454
0.5179283252447378,1494,500.0,0,0.07174405862513061
0.9614506878716834,146,49.76202862639443,1,3.2165050208220083
0.5319671726408653,56,26.625289933243305,1,0.1280433444880434
0.8520927101316278,1406,500.0,0,1.7511096779449518
0.5311416131763224,455,162.96627690387407,1,0.12472790138688622
0.18934427559859196,5,6.736748543124107,1,-1.4542765344291582
0.5233148145485507,289,113.46269719232048,1,0.09332693840655222
0.5118133680079591,888,500.0,0,0.04726226763083412
0.7922265730892886,1358,385.1668229691185,1,1.338399235743861
0.4862745856332127,1036,389.49282124629275,1,-0.05491545405021252
0.7828815252896906,1746,487.9080296744042,1,1.2825382048827925
0.46752340734845677,640,250.2849420643054,1,-0.1300895224856507
0.6771095252246428,1676,500.0,0,0.7405198617337221
0.655221594491221,315,97.3385886468331,1,0.6420715828275262
0.6112459334971824,687,347.9167840501162,1,0.4525524641054638
0.8169871535247183,1703,500.0,0,1.4960670210803837
0.0017207762896379363,27,60.78480576555661,1,-6.363257500265414
0.3326452578857224,275,170.36516548351997,1,-0.6962451212632547
0.834428109800566,406,118.7477711398639,1,1.6173411093880175
0.596405189093772,1516,500.0,0,0.39050885217095266
0.8786754415049759,753,204.76534757680423,1,1.9799463371852597
0.7932993060438571,425,143.04626605330708,1,1.3449287615432963
0.6257461998565239,978,298.69732809833374,1,0.5140106800792417
0.7845899844922122,161,51.8161183093029,1,1.2926180076888498
0.5028745954248628,1352,487.0256184582621,1,0.011498508388049403
0.7432570391930602,453,124.41322446120124,1,1.0629665007547697
0.5128656391753721,727,284.27610877992134,1,0.05147391897931548
0.5003088851319384,426,161.7748878586105,1,0.001235540684930882
0.00022839076462124233,13,38.01721268760771,1,-8.384224099258573
0.6308388205736407,195,107.19410475916982,1,0.535817045720744
0.8773382465764699,1358,500.0,0,1.9674620088764327
0.7810850958891136,1084,460.5891507362669,1,1.2720010129071646
0.5399351179027612,201,115.98855926324434,1,0.1600814527332855
0.6957853036107965,171,65.8451465140608,1,0.827307450663818
0.4106322924724544,301,179.86914970985544,1,-0.3613521315541003
0.7019503958453845,587,220.4016888883389,1,0.8566028107926054
0.6709693682423993,1484,500.0,0,0.7125726329466192
0.029698217104408398,7,15.523630131914366,1,-3.486520125645796
0.4935328795240327,340,171.52188063601005,1,-0.025869924601034662
0.0038429340090582703,12,32.214567159661186,1,-5.557668802220216
0.8938176954440151,44,13.298481489967005,1,2.130344363136057
0.8075821044431514,1496,386.93785040438263,1,1.4343751811010343
0.7654790626486436,1254,489.33842844481023,1,1.1829569945324854
0.7571839800051439,1028,368.1796647938138,1,1.1373022250061298
0.6298713533769023,924,294.0068240003555,1,0.5316649587618677
0.6676682498648322,78,25.34207292549056,1,0.6976577008390588
0.5921066013886399,742,292.5675784869913,1,0.3726808262348
0.9365556354862494,918,293.4868248515753,1,2.6920455555409646
0.001982803771417037,19,39.72259919012117,1,-6.221258617624219
0.5061277694738995,1065,500.0,0,0.024512305179746514
0.594731077896649,401,144.99290091597615,1,0.3835584815087518
0.4059432868461911,280,140.81731631334443,1,-0.3807613292213925
0.9624368202725185,576,143.24769205394458,1,3.243444114694125
0.7782016667584316,960,267.0507590180565,1,1.2552171421634113
0.7934421562053354,1563,500.0,0,1.345800151873091
0.5832300334188715,1133,500.0,0,0.33604724630438887
0.6552312426438972,729,228.25957347559913,1,0.6421142917669941
0.6332166101685052,494,255.32279257175682,1,0.5460411044028942
0.5421276192277725,1372,489.51941041637315,1,0.16891093286972841
0.786244936011395,463,132.61874580724796,1,1.3024375685978804
0.8545111639139995,552,188.61573769804033,1,1.7704302115833794
0.5361781548288359,19,10.351711144836028,1,0.14496596013293073
0.6096619142662139,709,406.0020976751993,1,0.445891314520861
0.6375356300830809,230,76.70813634158309,1,0.5646839862175753
0.5309745914323698,1489,500.0,0,0.12405722665802746
0.6758315956698839,97,41.873286940503554,1,0.7346807789646699
0.9797039315293228,43,16.91202696166914,1,3.8768232194398227
0.8960757522258541,728,302.1797053129469,1,2.1543627073443656
0.7807146090575962,1313,500.0,0,1.2698356292835324
0.5408663860672813,320,99.1820708467237,1,0.16383100690445687
0.5465990817850274,143,50.44478362798701,1,0.18693883037839734
0.5765406197033999,95,43.21128029786118,1,0.3085882011846281
0.07298359249333203,4,6.411569807483167,1,-2.541736609464233
0.815647361401992,956,312.0456943014096,1,1.487131668855033
0.007937923441697315,4,15.170578153665101,1,-4.828133972721313
0.5057719832198017,1133,500.0,0,0.023088958551525186
0.836140739584628,251,69.24796994890974,1,1.6297890565129591
0.8781562918494333,794,225.72255538421635,1,1.975085444018757
0.35361415291962617,56,37.942287624712726,1,-0.603190256792454
0.7925066230699173,390,157.86366357010144,1,1.3401014421504203
0.8657309519734753,1575,500.0,0,1.8637285732116244
0.4805640160865282,925,337.92701602046435,1,-0.07778312899674035
0.7112375100463394,623,290.34528053900596,1,0.9014019085675206
0.5080957033036853,1651,500.0,0,0.03238564350384258
0.5994129648960241,430,180.90633123700027,1,0.40301972542498865
0.4103783739898169,76,37.64225470716588,1,-0.3624014218126677
0.5696675637787226,608,255.99014174771528,1,0.2804949517626853
0.5320223251201196,890,299.3841770740987,1,0.12826486144097002
0.7528710628144539,1607,481.1174293355985,1,1.113983768492441
0.618002643104991,460,136.17006365718768,1,0.48107904485783753
0.7428160772604675,734,202.60496266167496,1,1.0606569917543123
0.4335847663214078,1373,500.0,0,-0.2672401211511388
0.6967476856241209,1002,316.8439720525426,1,0.8318581649809255
0.0030595883501307406,9,28.35805974291372,1,-5.786410619708814
0.6115498114060774,1281,500.0,0,0.4538314626465269
0.6221066927217114,843,356.5086033662953,1,0.49849970983587283
0.650372876239825,1420,500.0,0,0.6206786282675283
0.941402521814428,1642,447.6105955414272,1,2.776679146474013
0.7570588029798584,1114,318.2635345874782,1,1.1366215029046256
0.6854702915241935,355,136.08404111088197,1,0.7790266254180598
0.3773649821099981,638,500.0,0,-0.5007476596015809
0.936938465078693,123,36.0007395127985,1,2.698506613337912
0.5549558322004631,1087,500.0,0,0.2207149982358174
0.7066189752599632,745,226.51640939816227,1,0.8790193989510916
4.8400033670044574e-05,54,87.47945167863341,1,-9.935961647374862
0.7617845680582978,584,208.24436570527575,1,1.1624883561583093
0.7488054060428936,336,94.03256581357422,1,1.0922512312548114
0.8320819861010064,635,182.35731176398386,1,1.6004551291727407
0.000264997202401954,14,47.739347337073724,1,-8.235526256687171
0.08398051767099886,2,4.054504157747662,1,-2.3894527939113677
0.9367122577758902,28,13.295041421130794,1,2.694684481607529
0.595861481764366,115,35.645342390708755,1,0.3882505407905863
0.7938057880472491,1679,500.0,0,1.3480203307664664
0.8635181483921961,194,68.75259988564142,1,1.8448232640806954
0.48422530755313,372,181.65267469243594,1,-0.0631197177074338
0.5575084147147155,1189,438.5701168544503,1,0.23105614891631784
0.5346659147184887,486,181.21357659848726,1,0.1388864827831121
0.7123858151893989,518,168.30923301079352,1,0.9069996939695478
0.9146202518215112,39,11.303615184949154,1,2.371400021891894
0.7376908579624197,570,257.2719786946236,1,1.0340011055607812
0.9060035185245962,846,336.96900180975155,1,2.265785839159953
0.7288724450347965,583,292.8248053485545,1,0.9889093515099034
0.7455146041831244,481,216.0541255215534,1,1.0748312732753877
0.6178018617011685,190,72.77268835398598,1,0.4802286331352912
0.5058958558690908,490,184.5185494094647,1,0.02358451661573411
0.4224435576627776,53,31.6586850743448,1,-0.31275032672659314
0.578191888422604,333,116.7446160804527,1,0.3153553017459421
0.2004594912174678,9,7.531692470317537,1,-1.38342501111748
0.5030111299849467,179,75.31447377333697,1,0.012044665551626635
0.8972035834972676,68,20.307589720296104,1,2.1665323032371226
0.5121413538854126,1123,500.0,0,0.04857496445093839
0.9153092733320054,751,233.3480851083526,1,2.380255900581806
0.6527763024725258,261,100.3966270533281,1,0.6312652679271167
0.6789027057454218,956,289.42421828984845,1,0.7487336522125756
0.93830410780199,305,81.8498858351698,1,2.7218567535287246
0.9714745154124095,1046,252.54789337566098,1,3.5280171524926898
0.6930591908747028,724,232.2667508156715,1,0.8144604832141098
0.5577285096259367,505,228.14853489539618,1,0.23194837696220016
0.883903081998864,1325,500.0,0,2.029922078599002
0.7117525066412762,1155,332.1849279690797,1,0.9039107849076387
0.8676190570383152,1707,500.0,0,1.8800690461384653
0.5583091561346325,319,147.83111139728467,1,0.23430266312680917
0.6671519721091235,484,156.53767962766494,1,0.6953318510939729
0.6967009633414127,1108,381.26683911859357,1,0.8316370462660281
0.6625414366130128,975,293.5813071485959,1,0.6746403741099997
0.8623813900503219,318,89.11411803351878,1,1.8352114575851635
0.7384883362037068,100,39.58478559119574,1,1.0381264220073798
0.5402761908988984,1325,500.0,0,0.1614545792681904
0.5592391198536135,414,213.71665334493798,1,0.23807463879138643
0.14083444425868288,2,2.2080707875363306,1,-1.8083765878702334
0.014693327763278148,11,23.710934606842134,1,-4.205559437998179
0.5051130191260673,402,143.62912501476296,1,0.020452789452884777
0.5549442129261039,1316,445.4051491409703,1,0.22066795292416705
0.6869040320104459,128,44.47610662319266,1,0.7856848405266521
0.8009976169259408,298,102.0039514138277,1,1.3925411720409462
0.8584057556380728,1571,500.0,0,1.8021113630990115
0.5200289574249761,948,366.9925474890945,1,0.08015872326728192
0.8155001591957269,520,131.86348026160172,1,1.4861530166427264
0.8744743011476602,1889,500.0,0,1.9411123977766134
0.5674311389561304,1118,359.1018827075708,1,0.2713778709619012
0.005623261804494296,24,46.062553683119944,1,-5.175204259316763
0.7260233276400306,316,91.66820310409152,1,0.9745391806528585
0.9138734483012587,1818,500.0,0,2.3618743566858957
0.7426533222419401,1562,500.0,0,1.0598052273767862
0.7011265582409372,1212,497.01908310161775,1,0.8526681982355483
0.5442514211528564,760,269.6562442683565,1,0.17747001604353096
0.7498976204586428,1561,500.0,0,1.0980663389594167
4.032634686715397e-06,284,179.879083903484,1,-12.421086594560606
0.6342794171412142,1643,500.0,0,0.5506199713666103
0.002094814382087382,16,46.51826706364317,1,-6.166193318394159
0.7978015200942662,245,82.19929172200166,1,1.3726100560447418
0.5364065453044597,1628,500.0,0,0.1458843606805543
0.5445749672964854,766,375.1544047018798,1,0.17877449315546662
0.8068261694822704,418,118.86038148694897,1,1.4295177819025415
0.8285222775283452,265,71.53527926140846,1,1.5751903654512314
0.6546277549317269,316,113.02256940464052,1,0.6394439544301554
0.6823285067366057,784,222.85750716431366,1,0.7644934145298529
0.6374684684452299,48,22.04223406110851,1,0.5643933604357066
0.6715298593515777,453,189.42870396995787,1,0.7151125438729281
0.7632111185801362,295,130.9550329708983,1,1.1703657399540695
0.8690630097405226,103,26.481683857283652,1,1.892699413866306
0.5766902081037775,699,278.50687203301555,1,0.30920094174752655
0.8892700327725588,440,141.50204269954648,1,2.08330642855029
0.49234200262319716,1381,500.0,0,-0.03063438505864396
0.018793491512491198,7,14.330186478162338,1,-3.955272331801745
0.6684929959874125,158,78.93741481644147,1,0.7013769816347298
0.5232597414286951,81,46.7027086165082,1,0.09310616703200945
0.7654653105999676,841,224.39446420533218,1,1.1828803919111694
0.03019626316039331,12,19.96900328985784,1,-3.4693755375562443
0.7720437484525471,528,140.41086057259355,1,1.2198874860336955
0.49865251170129865,765,368.6756167840872,1,-0.005389966243757217
0.8570655345279706,1642,482.4676627651666,1,1.7911281435647821
1.6539170300212352e-06,19,60.29541169380413,1,-13.312362471930383
0.8160234508037619,935,289.91076729028316,1,1.4896347938151615
0.482825019538168,1191,500.0,0,-0.06872696112545491
0.7110950711998442,180,50.48089526594366,1,0.9007084677301391
0.8998927754438205,190,66.02496809198526,1,2.196033760725806
0.6062778505395459,1720,500.0,0,0.43169292412158544
0.900671805696286,1368,500.0,0,2.2047114743406704
0.5483755086750972,1339,500.0,0,0.19410922394507218
0.4429169499823,746,371.9178764598324,1,-0.22933205053149386
0.9267710408447151,554,162.73766051860687,1,2.5381155860719073
0.8141721947904454,1883,500.0,0,1.4773514186699785
0.7361914151339055,970,267.75107131175264,1,1.0262663769857285
0.7693175907398763,539,247.87136591082162,1,1.2044619632490905
0.7732944239494304,570,166.66176540046155,1,1.227007707051021
0.797200017258785,652,208.7871288812542,1,1.3688854233733585
0.8527509783911216,63,25.8370147416718,1,1.756342390546761
0.5142940710552227,171,68.10777335326505,1,0.05719186824367839
0.6102540805929209,1007,368.97807820098916,1,0.44838035789391606
0.8281286316664814,1170,433.5944473465877,1,1.5724221560718439
0.6552897188832144,1605,500.0,0,0.6423731573943271
0.0040548262521074045,9,36.18287087265158,1,-5.50378437079793
0.6214697233764916,159,58.49863550535757,1,0.4957911336025869
0.9240913456796226,1166,283.8725194565616,1,2.4992802251482265
0.6525835493057874,176,56.14660788030157,1,0.6304149694728216
0.6612931537488811,759,289.9313374052703,1,0.6690622689726228
0.796057240290108,226,74.4448595566261,1,1.3618317283570045
0.6424797900924748,324,150.12329412736779,1,0.5861434694195694
0.7574802201085538,1547,500.0,0,1.1389141513608507
0.6220573369721694,809,374.5773027451406,1,0.4982897711153177
0.01884441087583321,610,346.70064239441166,1,-3.9525146848955535
0.6839831722296321,165,56.420675692800806,1,0.77213785070953
0.8072977889087258,591,178.17677087993118,1,1.43254655790372
0.37381941969440796,499,194.05498983238223,1,-0.5158659506728815
0.016565385158659806,12,35.425435726601364,1,-4.083735866671156
0.9343938373497332,1352,438.4063264903726,1,2.6562283823730066
0.468104382223876,1216,500.0,0,-0.12775595291469294
0.8931550268204625,1141,402.1434462264902,1,2.1233812329956896
0.002930994958292404,13,40.00254224513007,1,-5.829478038651462
0.5338675004448867,1275,500.0,0,0.13567775414431202
0.6924793032526174,1293,409.85667447502965,1,0.8117359591378928
0.3528817199049562,907,500.0,0,-0.606396161228854
0.6739588229125923,558,156.02897744124465,1,0.7261453319701886
0.8739598605889258,318,82.8427479045419,1,1.9364340255268524
0.732969077001079,682,204.0227208980873,1,1.0097390459256947
0.8372046370319774,521,185.76030259185842,1,1.6375745591297444
0.00013305715582886534,17,49.378796589412474,1,-8.924598712972736
0.4339131113928695,1220,500.0,0,-0.26590326996837965
0.6406707652943893,1084,352.5329624803341,1,0.5782766417472968
0.7974543023792914,164,48.892469741647496,1,1.3704590035751059
0.8310975649354938,949,304.8548941829177,1,1.5934259537186393
0.6283877515375031,1469,500.0,0,0.5253064468719976
0.8778537577204245,760,238.75840954071882,1,1.9722609827341449
0.6331380364055303,46,20.438578816782233,1,0.5457028090550533
0.7196452671348745,1398,500.0,0,0.9427027016518678
0.5727914536576008,1047,481.2251157713555,1,0.2932494023156033
0.5943573925713692,655,225.3222862935102,1,0.3820083147660005
0.3637418205078537,997,500.0,0,-0.5591600919089035
0.6080699042402207,590,273.5823247456796,1,0.4392063526915975
0.7878541157551552,241,69.88118659427606,1,1.3120387691810673
0.15165210198390225,4,7.596973842530927,1,-1.7217017139577149
0.6181004709969778,1585,473.22276802629676,1,0.48149345774119223
0.5563499128660196,161,52.533217017249115,1,0.22636127630264233
0.4358585487717555,1281,500.0,0,-0.2579872588152181
0.3564946827223825,85,52.20466680131448,1,-0.5906109655413391
0.49582507261944925,1003,432.3367731097834,1,-0.016700097640102975
0.7283175293475578,24,11.104128056199073,1,0.9861031227283826
0.853507220800514,1276,340.5004748287894,1,1.7623778639202408
0.0003001195824632614,15,43.63197094743863,1,-8.111029389892991
0.49352694854170337,1198,500.0,0,-0.025893652503543366
0.5470340532592545,887,291.69057978415356,1,0.18869410517186286
0.5194691809853982,1398,500.0,0,0.07791611857910369
0.4390834532062372,1322,500.0,0,-0.24488264308532312
0.5226005467706675,864,292.7609400730011,1,0.09046383074200573
0.6349509445398683,800,259.0818705211809,1,0.5535160001426999
0.6045984867353708,1614,500.0,0,0.4246628415202852
0.711234612382285,1176,325.40628277334315,1,0.901387799727529
0.687602784489576,1572,499.06140757301495,1,0.7889358183711865
0.7089416046489387,706,285.0266055279176,1,0.8902492418134045
0.5406363927641533,1208,500.0,0,0.16290488170054762
0.5116575584064802,827,298.8930807854504,1,0.04663868569831086
0.6016810410603747,152,52.648126782977386,1,0.4124743840702219
0.7987352374514903,42,22.14136302946792,1,1.3784082555703991
0.7618608371057346,1838,500.0,0,1.162908689704252
0.023678902053951918,8,29.32312421844158,1,-3.7192070831276784
0.833271995347766,884,254.23182909361822,1,1.6089963439346529
0.7623252753392457,691,289.7079699564845,1,1.1654702993523955
0.6801413900096391,1422,500.0,0,0.754421648669276
0.5715392111861916,462,146.76230541370876,1,0.28813386604909513
0.5548689002431636,181,76.38697974201422,1,0.2203630250915154
0.8487151248732796,197,71.54421153973459,1,1.724558938359554
0.8914997099306211,125,42.587506017057656,1,2.1061522655034346
0.9649423343288871,733,223.52903023177979,1,3.3150740460770907
0.5829213322760247,74,35.29409211690729,1,0.3347773855615251
0.932565468088965,546,143.6603026330564,1,2.626782126510337
0.014153171449226714,10,21.990209610734247,1,-4.243562266574643
0.6446903530245173,154,50.47500110141262,1,0.5957804744015471
0.0036849569176391934,11,24.522000164821947,1,-5.59980468159071
0.8369531986221982,1602,420.6361642061392,1,1.6357308686900724
0.487141850009994,1083,500.0,0,-0.05144394240194975
0.6206662155047789,502,208.55476128274353,1,0.49237692689761364
0.5434991716565789,642,298.6578739087286,1,0.1744376678828459
0.6068411225203751,1011,500.0,0,0.43405321608718106
0.51562081566642,970,500.0,0,0.06250360329036889
0.49028159530290594,764,342.6060894195461,1,-0.038878515247428004
0.9711991411846551,274,86.34620072585122,1,3.5181263293476097
0.6831091280205973,290,83.37193451230239,1,0.768097162112397
0.8126970359878773,799,252.42562450416526,1,1.4676309563659153
0.9688528050072541,1553,387.45991333484795,1,3.4373885035430085
0.7944624492629601,474,134.28830082923167,1,1.3520369756121047
0.7262481293374539,828,278.2466590344897,1,0.975669617801757
0.8936140928032151,1583,500.0,0,2.1282009014718355
0.5142564656892908,441,226.44503580415966,1,0.057041324066330404
0.6506000942031714,1245,500.0,0,0.6216780307477346
0.6794427552703061,882,258.0158661160399,1,0.7512121135584058
0.7581327025321857,491,148.1937916857755,1,1.1424692214405316
0.6788223874669644,714,315.58599977896426,1,0.748365233581217
0.939608873730432,71,31.293225638888934,1,2.7446215188169183
0.6578720956897482,882,265.78993522970575,1,0.6538258726228411
0.34628416478533103,1304,500.0,0,-0.6354130308096103
0.8523191448765459,72,32.34912918195406,1,1.7529074787602854
0.6078227101164072,1041,387.83382745167006,1,0.4381692365823732
0.6009453018186397,53,20.519571495271883,1,0.40940542277637626
0.742938578089222,120,42.39911413695849,1,1.061298321754707
0.7478830000782594,984,347.25394717441867,1,1.0873532835643496
0.5367371302752176,765,327.9248733907093,1,0.14721381318031213
0.8290812259032609,210,62.01633179496363,1,1.5791296925487706
0.8040418903830295,422,137.62890069836143,1,1.4117504603443969
0.027343322928886526,22,34.60461619739491,1,-3.5715588052091194
0.0373891549919361,11,19.91184489695478,1,-3.248268534283454
0.49077432885804845,1109,500.0,0,-0.0369068732881247
0.7063189298149001,1724,500.0,0,0.8775724942023898
0.6514707711367773,1128,500.0,0,0.625510434442442
0.5415063671670935,1073,500.0,0,0.16640842011093646
0.5285951113526018,1439,500.0,0,0.11450539290006667
0.003302021801858686,42,106.60097631910043,1,-5.709912845377064
0.8882622690866154,780,203.42388944899588,1,2.07311261047402
0.5866116183720532,105,56.618360113045235,1,0.3499754202201375
0.5861949426386319,190,85.03947009421437,1,0.34825741388486614
0.6584796493139721,925,321.3230796432252,1,0.6565263468071584
0.6661450023360911,477,139.75639500487088,1,0.6908006080875386
0.6747474857815179,126,42.32751973734972,1,0.7297366782696287
0.9541472995293837,1657,489.1447646696907,1,3.03538396664241
0.006099456560144254,3,14.107342721193614,1,-5.093437466039287
0.5801573581173082,74,24.825474150892532,1,0.3234193949522215
0.9239300379288735,112,44.048706536633496,1,2.4969828818436484
0.9247376393567182,61,20.660157821625248,1,2.5085299129731617
0.9433668223193206,245,67.69410140335208,1,2.8128602104531604
0.7957773353575394,807,232.5533886964313,1,1.3601085253186265
0.7108488769603123,700,224.25694265337046,1,0.899510388694517
4.6477111317774615e-05,30,58.809325183071834,1,-9.976504118089649
0.6040428457179907,136,55.595189904522925,1,0.422339122894831
0.6415742030430608,641,236.81406714534856,1,0.582203191889888
0.003236236910268338,12,34.45766707402285,1,-5.730102586778353
0.6279890820787687,672,258.61474259707177,1,0.5235995779990957
0.5855433461849531,709,263.0070554652779,1,0.3455718185891999
0.498501189093106,1245,500.0,0,-0.005995261584899589
0.44433455670963556,858,500.0,0,-0.22358860765143418
0.53223347715651,955,500.0,0,0.1291129712821495
0.024129557777742804,4,17.98791823042085,1,-3.6998922811661217
1.4546497467931255e-05,559,328.8752055493992,1,-11.138145770575663
0.00011064527890446241,10,47.664179995412155,1,-9.109070507904518
0.8449132628527918,575,184.3231845136702,1,1.6952494196743184
2.745362828607671e-43,49,417.7044139954604,1,-98.00124575451807
0.5138211828608302,1096,391.7616772342442,1,0.05529881893058876
0.4697779465451229,1434,500.0,0,-0.12103575868288113
0.8751055536659675,372,109.18191671115264,1,1.9468755605998949
0.5716692785080981,1182,500.0,0,0.28866502878198036
